Mutation Types,DO1000,DO1001,DO1002,DO1003,DO1004,DO1005,DO1006,DO1007,DO1008,DO1009,DO1010,DO1011,DO1012,DO1013,DO1014,DO1015,DO1016,DO1017,DO1018,DO1020,DO1076,DO52538,DO52539,DO52540,DO52542,DO52543,DO52544,DO52545,DO52546,DO52547,DO52548,DO52549,DO52550,DO52551,DO52552,DO52553,DO52554,DO52555,DO52556,DO52557,DO52558,DO52559,DO52560,DO52561,DO52562
A[C>A]A,55,137,147,126,308,88,241,80,34,48,152,259,150,78,37,83,65,72,134,234,170,125,65,152,106,175,126,51,49,31,77,180,259,136,157,98,137,114,201,199,83,193,159,199,114
A[C>A]C,51,106,128,86,212,76,211,59,25,21,167,187,176,57,28,98,41,48,64,187,58,62,64,94,77,146,90,44,26,33,39,113,169,119,108,69,99,77,134,174,70,137,99,124,91
A[C>A]G,12,16,15,15,27,15,43,9,8,4,17,23,18,25,7,15,13,10,11,38,20,15,13,20,9,22,11,2,4,4,7,22,28,23,24,12,19,8,25,24,13,20,13,19,14
A[C>A]T,39,97,125,81,191,82,242,61,25,31,111,174,167,56,21,58,39,36,52,188,66,47,57,123,49,147,60,21,34,21,39,110,200,113,138,57,106,78,113,195,55,164,93,121,64
A[C>G]A,18,110,62,78,150,63,200,32,22,20,107,137,119,100,11,45,25,27,35,134,198,31,42,71,42,143,103,25,13,19,20,72,142,121,115,62,96,88,138,196,29,191,79,88,33
A[C>G]C,19,50,46,47,93,40,112,26,14,13,83,83,79,35,6,35,20,20,30,89,73,29,22,41,20,70,63,17,20,12,15,86,64,48,48,33,62,36,76,93,23,90,50,53,18
A[C>G]G,9,24,20,16,23,19,74,11,1,2,31,25,22,31,4,10,3,5,9,65,18,25,21,28,10,47,20,3,5,9,1,37,36,38,22,16,16,25,46,29,5,30,16,25,14
A[C>G]T,14,107,67,82,134,88,207,33,25,19,121,143,120,61,10,36,29,34,37,127,171,51,48,83,38,122,97,12,13,21,13,87,171,128,110,61,114,67,116,183,46,193,69,100,39
A[C>T]A,55,120,149,89,233,73,224,90,36,51,207,204,154,86,28,102,51,63,121,209,362,118,110,118,83,164,175,68,62,82,73,220,165,118,160,95,111,90,163,178,77,152,181,191,104
A[C>T]C,26,71,57,43,108,63,111,46,22,20,106,110,83,71,28,47,40,30,59,70,141,57,55,67,32,86,65,29,39,39,38,124,77,75,58,45,64,55,71,87,49,66,105,101,42
A[C>T]G,101,113,106,117,225,125,210,202,68,156,416,219,104,159,105,320,132,104,278,171,220,202,145,167,143,133,267,132,204,153,174,383,161,119,164,76,121,105,299,183,95,161,441,292,244
A[C>T]T,36,93,106,75,230,88,239,41,29,33,144,168,115,95,18,72,44,30,67,194,169,85,95,113,65,124,89,39,36,45,53,151,194,130,144,68,121,76,133,192,54,155,123,109,75
A[T>A]A,20,58,44,46,158,33,72,38,26,17,82,97,105,54,16,76,14,26,32,79,114,45,34,49,24,80,48,15,27,27,22,70,77,55,69,25,62,49,77,76,32,79,69,83,40
A[T>A]C,27,47,36,32,103,38,84,34,24,11,71,82,69,43,18,46,30,24,34,70,67,28,27,44,22,49,33,22,11,22,24,49,69,46,39,23,49,33,46,63,25,58,44,39,26
A[T>A]G,23,40,57,48,163,38,117,33,17,14,75,106,71,51,12,43,23,19,32,95,57,27,29,47,22,83,40,21,9,14,18,54,69,86,60,46,53,43,67,95,37,75,46,75,40
A[T>A]T,35,56,71,63,208,37,148,49,24,19,203,148,113,53,17,104,29,56,60,130,55,87,75,71,61,109,71,52,43,56,46,102,124,82,85,49,78,42,84,129,49,100,100,109,67
A[T>C]A,49,97,107,82,248,80,174,78,45,29,218,190,167,183,74,125,42,73,94,182,97,104,105,144,82,201,120,57,58,95,47,183,150,127,155,60,114,82,143,190,67,157,133,171,97
A[T>C]C,24,48,43,41,78,38,128,28,22,12,86,91,77,52,14,30,25,28,28,103,42,53,39,53,35,72,33,21,30,22,22,73,79,57,86,23,35,51,76,115,36,72,67,68,32
A[T>C]G,24,79,61,64,150,65,128,44,42,19,131,130,101,56,19,60,40,37,55,121,86,51,66,80,50,114,74,41,26,38,38,107,84,74,82,44,68,78,94,156,47,72,102,111,53
A[T>C]T,58,116,82,96,235,95,208,76,53,30,186,216,144,104,33,76,39,44,78,186,89,92,84,141,70,184,90,59,57,76,58,199,155,109,144,74,109,104,156,230,89,130,175,158,95
A[T>G]A,13,41,27,32,62,19,62,19,13,7,57,52,35,48,9,67,7,10,28,57,32,15,40,46,13,51,31,11,18,8,10,32,51,49,54,19,35,20,33,63,35,49,30,31,18
A[T>G]C,6,24,11,12,34,8,38,10,6,2,20,20,25,40,3,24,7,6,11,24,24,14,11,16,9,22,10,4,7,13,4,18,23,18,22,8,11,8,23,23,10,26,11,33,6
A[T>G]G,8,43,30,48,80,39,113,11,13,7,51,73,53,39,3,18,4,12,13,77,31,17,24,31,16,59,23,9,8,14,9,39,80,65,68,30,59,35,52,64,19,56,37,42,18
A[T>G]T,12,74,24,41,67,34,55,11,13,10,45,51,48,43,10,28,2,25,28,47,31,30,26,58,22,58,49,22,9,12,15,66,65,52,47,24,49,32,50,58,32,73,34,56,19
C[C>A]A,32,128,117,108,248,75,216,44,31,46,173,213,192,69,21,79,40,50,82,193,139,107,73,115,96,160,79,31,36,31,83,134,199,128,130,71,140,82,135,250,55,125,142,127,124
C[C>A]C,28,77,84,60,206,90,190,43,19,23,105,156,188,46,17,53,33,26,43,181,86,42,53,93,48,157,64,28,28,20,43,105,150,116,100,55,98,84,144,160,51,133,73,114,70
C[C>A]G,6,21,11,21,26,7,43,7,2,8,26,20,38,20,5,11,8,7,13,31,27,29,14,11,13,26,24,11,3,8,13,25,29,16,23,15,15,16,36,26,6,17,27,19,18
C[C>A]T,33,82,97,78,215,54,182,33,25,31,145,167,151,33,15,48,27,33,76,202,83,76,55,100,77,152,57,28,19,23,54,137,162,100,140,61,101,81,128,161,59,148,119,96,92
C[C>G]A,13,65,61,45,126,61,130,13,10,10,86,106,90,39,6,31,22,11,33,96,222,40,45,53,21,93,33,5,5,18,17,63,90,67,83,54,54,64,87,136,18,103,40,67,15
C[C>G]C,10,51,46,35,100,57,100,23,9,7,49,98,83,31,3,20,17,17,26,87,62,17,31,48,20,72,43,11,6,9,13,74,65,53,61,29,57,49,91,116,25,71,29,47,24
C[C>G]G,4,11,25,11,22,20,68,4,6,1,25,28,29,29,5,12,6,8,12,44,39,24,18,18,14,21,21,10,5,15,7,49,47,18,25,16,20,32,49,37,11,32,28,38,17
C[C>G]T,12,100,92,51,157,75,146,19,19,23,117,166,109,48,16,33,40,18,46,124,254,25,61,65,29,123,67,16,3,26,17,126,106,127,104,99,101,85,79,173,34,147,55,93,36
C[C>T]A,53,92,110,84,179,89,138,69,25,39,170,157,136,94,44,101,100,54,114,146,719,84,70,82,58,141,135,43,31,69,80,181,123,85,120,108,88,89,112,133,63,117,121,116,93
C[C>T]C,26,55,91,73,157,52,108,76,32,21,129,121,97,74,32,78,53,50,78,97,212,58,60,79,28,109,107,51,52,45,70,146,76,62,92,50,60,68,103,97,62,72,90,95,74
C[C>T]G,88,77,79,65,104,89,161,118,63,67,260,137,92,122,63,175,111,62,201,122,354,130,121,104,88,91,190,105,147,82,122,274,105,78,94,62,83,88,158,126,81,111,293,183,173
C[C>T]T,50,118,124,102,235,106,216,70,46,45,189,174,181,95,39,83,76,50,122,205,405,99,95,133,82,157,103,59,55,58,78,178,171,135,135,84,133,101,123,209,76,156,129,134,97
C[T>A]A,10,42,31,47,104,31,81,12,12,3,51,95,92,38,6,34,10,25,20,91,37,19,17,43,17,76,26,11,8,11,14,31,86,63,52,24,43,35,49,72,23,78,28,48,20
C[T>A]C,17,62,59,56,143,48,142,32,15,10,54,115,98,48,16,28,23,18,24,114,46,36,33,63,25,81,29,11,11,12,20,45,93,82,95,54,56,57,68,99,35,95,42,48,30
C[T>A]G,16,70,48,71,115,51,116,21,14,11,51,98,99,35,7,44,14,26,28,122,31,18,32,55,22,99,46,8,11,25,12,45,109,78,90,42,64,62,77,122,18,95,43,46,27
C[T>A]T,26,76,64,67,153,57,194,27,13,16,84,169,109,44,15,38,13,18,40,176,35,24,29,96,20,113,54,20,14,20,16,57,147,85,121,48,112,58,79,159,48,141,59,70,29
C[T>C]A,13,46,48,62,124,45,136,18,14,12,96,79,84,92,17,43,17,23,38,85,33,34,44,65,30,91,42,30,24,20,31,80,71,77,87,23,62,46,71,94,27,68,66,57,30
C[T>C]C,27,58,56,75,140,46,147,23,4,28,96,133,98,68,15,56,24,26,34,177,62,35,44,71,20,115,49,27,13,29,24,86,109,99,122,54,72,73,100,173,36,136,71,82,39
C[T>C]G,22,67,48,61,132,43,103,20,25,12,96,93,78,52,11,34,24,33,28,82,96,38,37,55,25,90,34,17,13,19,28,90,64,86,75,34,41,68,56,111,52,74,66,54,31
C[T>C]T,18,96,63,66,159,54,130,25,22,12,101,162,100,66,18,37,19,20,58,136,68,39,45,171,33,115,65,19,23,31,26,101,97,93,103,39,68,65,75,134,44,122,84,81,48
C[T>G]A,6,27,23,18,26,19,43,6,6,3,31,45,33,16,5,15,2,13,15,46,11,9,14,35,9,29,20,5,2,10,5,23,17,30,16,7,19,18,26,44,8,19,13,23,21
C[T>G]C,10,30,29,24,56,17,55,9,5,4,30,62,27,25,4,17,8,11,11,40,28,19,12,30,17,44,20,12,6,9,6,24,26,35,35,12,29,30,40,58,13,42,20,22,10
C[T>G]G,10,56,40,33,89,56,73,17,12,6,77,83,67,35,8,21,16,13,20,80,32,23,32,44,15,60,34,15,9,11,12,45,67,56,51,22,49,46,67,99,19,88,47,44,17
C[T>G]T,18,89,27,37,104,34,88,22,19,13,81,161,68,28,5,38,11,21,53,76,31,35,27,243,20,59,34,25,16,20,13,41,62,41,50,27,42,48,58,107,32,83,47,46,17
G[C>A]A,49,68,65,61,146,51,167,56,25,62,131,152,99,82,29,52,44,32,89,183,117,124,52,94,99,110,84,40,55,37,62,216,188,67,81,44,79,56,115,158,50,98,161,151,151
G[C>A]C,22,67,89,50,124,48,125,31,19,13,74,139,119,24,15,60,29,29,49,106,52,47,48,59,50,86,49,32,25,22,29,68,96,77,65,39,69,54,107,133,44,102,77,79,38
G[C>A]G,6,12,11,4,17,6,22,8,3,8,20,21,14,17,9,7,10,10,11,19,22,18,8,13,8,21,17,4,5,10,9,26,8,11,6,9,13,12,21,9,6,12,17,21,17
G[C>A]T,27,64,54,57,128,46,123,32,20,25,104,149,102,44,10,37,37,26,72,136,53,81,49,75,64,98,57,25,35,25,54,129,113,77,77,32,64,59,98,130,25,106,126,133,96
G[C>G]A,10,57,38,32,76,34,86,16,11,9,52,56,76,30,10,31,18,15,20,72,72,19,24,32,17,69,38,13,4,4,10,29,83,55,54,29,56,45,67,76,15,79,29,39,18
G[C>G]C,12,32,35,32,76,37,75,17,11,8,54,68,91,24,8,30,17,11,19,63,46,24,33,34,20,64,40,13,9,12,6,48,49,51,50,24,32,22,41,86,18,67,27,37,20
G[C>G]G,3,16,8,11,19,10,38,1,5,0,16,15,13,13,5,5,4,5,1,22,19,8,8,19,14,14,5,2,4,4,4,16,19,25,13,14,6,17,21,15,3,20,5,12,5
G[C>G]T,14,70,50,53,106,57,150,18,21,5,85,102,100,42,9,27,26,19,19,101,114,18,30,51,32,86,53,10,10,11,8,51,110,76,84,51,88,71,99,142,21,143,27,59,20
G[C>T]A,33,80,90,70,164,65,142,63,19,34,128,156,116,60,41,94,65,49,86,115,345,74,63,63,43,133,128,51,51,44,41,222,96,88,87,65,86,65,115,132,43,131,115,121,89
G[C>T]C,28,67,77,53,142,63,112,57,22,37,109,112,81,60,31,67,53,39,85,95,175,76,57,63,48,95,100,51,37,36,45,140,78,80,80,39,58,64,96,127,46,80,125,130,75
G[C>T]G,85,84,69,104,180,81,165,130,50,98,331,153,89,153,79,181,110,76,213,145,260,154,89,129,129,87,196,128,138,117,142,353,103,75,124,54,78,96,209,146,97,104,363,232,221
G[C>T]T,33,81,77,78,155,64,149,48,24,21,118,132,118,83,23,79,59,43,84,121,225,68,71,76,51,95,114,48,45,36,43,166,128,86,92,61,88,72,96,135,53,94,104,111,77
G[T>A]A,10,26,26,24,67,25,73,5,13,5,32,59,54,25,10,18,7,10,13,69,34,8,20,41,15,45,15,14,6,9,9,31,46,43,38,19,50,30,36,59,13,47,22,36,21
G[T>A]C,9,35,26,23,72,22,55,13,9,7,34,66,54,19,9,20,15,7,13,46,25,12,15,28,16,49,19,13,3,9,8,18,41,34,45,18,30,23,42,46,17,39,30,28,16
G[T>A]G,11,36,34,36,82,30,76,11,8,10,46,58,55,28,8,25,14,10,11,63,43,29,24,33,15,58,24,13,6,7,11,41,50,54,44,25,35,46,39,66,30,49,19,53,20
G[T>A]T,19,49,41,53,99,37,101,15,9,3,52,115,89,41,15,22,12,17,27,111,25,26,36,49,18,65,31,10,7,14,18,45,80,50,70,28,51,51,58,110,30,77,29,49,17
G[T>C]A,18,46,35,57,89,41,105,41,19,25,94,102,89,70,19,64,25,32,36,80,47,56,45,63,31,97,80,34,44,55,37,81,65,54,68,25,42,40,81,100,38,68,78,83,38
G[T>C]C,12,44,34,38,56,32,92,18,15,12,57,69,55,38,17,42,19,27,21,72,39,30,19,52,25,51,57,21,32,29,20,56,63,36,46,24,24,36,42,69,19,43,58,49,31
G[T>C]G,17,39,24,34,67,34,67,29,17,7,67,61,61,43,21,30,12,17,24,76,62,33,42,48,22,50,40,19,19,31,14,80,49,38,63,20,24,19,55,83,35,58,50,40,27
G[T>C]T,29,56,41,53,122,39,117,50,20,13,110,113,81,72,20,77,31,46,46,76,43,66,34,73,38,101,71,28,40,54,30,123,71,51,86,33,48,39,85,128,51,61,95,82,33
G[T>G]A,10,46,20,30,36,22,62,10,3,6,25,42,29,23,1,19,6,11,4,33,19,12,7,19,8,40,8,5,3,5,6,16,18,28,25,4,26,17,31,36,8,33,12,30,13
G[T>G]C,4,13,16,27,32,19,35,7,8,3,18,32,30,23,5,14,4,7,9,29,23,6,10,12,4,19,7,8,6,4,1,23,19,16,22,5,18,19,15,25,12,23,13,18,6
G[T>G]G,21,67,47,45,81,41,79,22,13,5,37,91,64,42,5,22,19,24,11,98,116,16,28,28,21,89,21,20,17,7,19,37,60,64,54,32,49,54,60,105,24,115,32,52,35
G[T>G]T,15,52,27,33,61,40,65,21,9,7,44,82,47,33,5,24,10,16,27,74,34,20,17,82,20,42,27,14,5,20,12,40,63,36,43,17,35,48,38,79,17,49,40,45,11
T[C>A]A,52,106,125,100,293,193,171,77,42,65,223,172,207,73,35,126,190,67,180,178,1956,162,57,93,116,195,138,54,55,41,66,198,204,122,197,403,114,102,126,189,104,149,144,202,122
T[C>A]C,39,108,108,75,188,134,180,56,41,39,191,170,154,70,27,83,91,31,114,139,784,98,64,89,81,170,128,49,34,47,61,136,150,121,158,261,97,98,130,177,67,121,143,164,94
T[C>A]G,6,12,13,9,21,11,14,13,6,2,28,19,12,10,6,17,18,8,25,27,117,19,7,12,18,16,24,10,9,8,11,27,13,20,18,27,12,15,23,22,8,12,24,19,27
T[C>A]T,45,125,138,106,345,179,201,95,38,90,342,289,188,66,27,134,122,56,185,252,1077,247,98,153,165,187,165,76,91,63,100,330,200,152,162,260,118,123,181,233,117,147,277,243,209
T[C>G]A,17,245,169,192,224,521,181,27,153,46,461,174,339,207,76,137,845,53,188,153,10794,64,115,66,67,465,146,32,14,16,25,127,396,180,496,1432,144,385,123,322,130,213,78,225,25
T[C>G]C,20,155,95,106,189,169,138,32,56,27,272,157,150,108,29,53,229,19,92,140,2118,41,76,43,19,184,99,19,12,13,19,95,175,137,183,337,98,146,106,229,64,131,73,132,36
T[C>G]G,6,21,10,18,10,30,50,3,12,3,26,17,32,27,4,5,27,9,11,20,397,8,19,9,11,29,12,3,3,10,2,34,43,14,23,70,11,25,25,24,12,32,18,28,8
T[C>G]T,39,412,271,280,449,766,359,72,187,48,766,320,481,319,88,166,1056,76,317,277,13547,106,169,105,85,618,199,49,25,40,66,237,552,407,659,1766,259,472,227,505,206,403,126,383,55
T[C>T]A,78,223,303,219,342,678,169,113,178,83,524,217,351,282,112,452,1553,117,461,465,18901,123,129,83,91,401,202,84,48,80,113,325,271,165,453,1458,148,266,155,307,308,154,155,257,105
T[C>T]C,59,164,216,98,242,206,133,114,66,59,357,177,155,118,60,198,351,89,229,275,3702,108,93,89,63,156,164,68,37,70,84,248,136,128,186,378,91,128,111,198,111,92,167,203,77
T[C>T]G,62,81,63,62,91,76,118,86,49,74,258,99,71,119,57,190,271,52,156,93,2039,89,88,88,69,69,173,87,102,70,85,189,90,74,108,160,81,62,139,93,76,64,203,137,143
T[C>T]T,71,171,267,173,328,421,199,122,114,78,472,228,281,197,71,324,826,82,350,420,9691,94,113,100,69,287,171,91,53,78,80,268,208,166,316,771,119,177,145,233,183,136,168,239,115
T[T>A]A,23,78,65,35,148,39,117,56,31,20,174,141,110,58,17,123,26,42,115,106,67,92,55,71,53,77,71,52,28,27,50,141,107,63,62,44,68,35,106,104,51,88,87,112,110
T[T>A]C,13,37,38,43,109,34,103,19,12,6,60,82,70,10,15,28,17,10,23,74,30,30,21,48,20,58,38,9,13,15,19,42,87,61,51,23,36,42,73,84,27,59,37,45,34
T[T>A]G,16,35,42,33,60,19,74,16,8,7,50,65,48,29,8,26,11,8,15,57,29,10,21,38,13,48,33,6,3,9,11,30,47,34,48,19,26,33,42,62,27,37,29,29,17
T[T>A]T,28,80,86,73,194,61,233,42,18,18,141,153,133,48,18,74,19,38,43,196,55,72,50,129,51,115,77,37,14,15,33,115,194,112,109,55,114,89,120,137,71,150,75,109,47
T[T>C]A,30,49,46,60,148,50,124,45,15,16,104,118,76,72,20,86,22,36,56,83,51,61,58,116,50,121,73,28,33,41,25,127,91,90,98,31,66,69,87,101,74,116,87,101,49
T[T>C]C,13,66,37,59,104,48,143,36,18,17,108,69,72,60,20,84,37,24,34,112,56,60,38,86,43,84,52,50,35,38,19,91,109,67,94,31,58,54,80,128,47,117,74,55,58
T[T>C]G,20,31,32,31,61,28,68,14,15,8,58,69,48,27,6,28,16,21,37,69,36,48,19,41,32,52,33,15,11,14,25,82,43,32,43,25,29,45,51,61,55,50,46,47,27
T[T>C]T,28,70,63,75,134,59,136,60,21,23,129,141,82,97,34,87,34,52,78,128,63,79,59,112,45,103,90,39,58,44,44,141,110,75,106,53,77,57,105,155,77,118,93,97,66
T[T>G]A,9,51,26,37,65,30,64,18,13,9,42,69,47,31,6,27,6,14,24,67,31,31,31,38,9,51,34,9,9,23,4,40,66,53,51,28,46,33,58,56,25,58,27,61,24
T[T>G]C,10,33,24,19,60,23,57,14,7,7,26,38,44,35,7,13,8,15,20,61,20,19,19,36,14,36,32,13,8,5,12,26,35,45,38,12,33,26,39,41,22,51,19,34,13
T[T>G]G,13,52,31,45,103,36,100,17,15,12,47,86,78,65,14,34,8,14,25,83,30,19,29,46,16,56,31,14,8,10,13,63,89,67,49,17,52,43,76,100,29,70,32,47,25
T[T>G]T,25,88,54,68,141,60,147,38,32,12,98,144,108,124,35,54,33,32,78,118,74,59,47,151,45,90,76,40,23,40,21,111,132,85,79,48,85,56,120,125,51,110,80,98,49
