Mutation Types,DO1249,DO1257,DO1274,DO1281,DO1287,DO1290,DO1291,DO1299,DO1301,DO1305,DO1328,DO1354,DO1384,DO1392,DO1537,DO1559,DO1584,DO1663,DO1954,DO1984,DO2055,DO2078,DO2084,DO2096,DO2114,DO2222,DO2252,DO2323,DO2341,DO2353,DO2389,DO2437,DO2455,DO2503,DO2509,DO2533,DO2539,DO2551,DO2593,DO2611,DO2629,DO2647,DO2694,DO2706,DO2712,DO2719,DO2783,DO2842,DO2897,DO2995,DO3037,DO3110,DO3140,DO3158,DO3182,DO3188,DO3352,DO3412,DO3458,DO3470,DO3482,DO3500,DO3566,DO3614,DO3662,DO3804,DO3840,DO3874,DO3958,DO4018,DO4036,DO4080,DO4128,DO4138,DO4155,DO4185,DO4233,DO4359,DO44103,DO44111,DO44273,DO4449,DO4473,DO4557,DO4635,DO4695,DO4719,DO4766,DO4796,DO4963,DO5012,DO5046,DO5200,DO5249,DO5312,DO5347,DO5375,DO5528,DO5626,DO5661,DO5696,DO5717,DO5745,DO5808,DO5891,DO6144,DO6231
A[C>A]A,0,2,3,1,0,0,2,0,1,1,1,0,0,2,0,3,1,1,2,1,2,0,2,1,1,2,0,1,2,2,0,2,0,0,1,0,0,0,2,1,0,0,3,1,1,0,3,0,1,0,0,4,1,0,2,2,1,1,0,0,4,1,0,0,0,1,0,0,1,0,0,0,0,0,3,3,1,1,1,2,3,0,0,1,0,3,0,2,0,2,0,1,1,0,5,0,0,0,0,1,6,0,3,1,2,1,3
A[C>A]C,1,0,2,0,3,0,0,0,1,1,4,0,0,7,2,1,3,3,0,0,3,0,0,0,1,3,1,1,6,0,0,1,0,0,0,0,0,2,2,0,1,2,2,5,1,0,1,0,0,0,1,8,2,0,1,0,1,1,1,1,3,0,0,2,3,0,1,0,0,1,1,1,0,4,6,3,5,1,0,2,2,2,0,6,3,1,0,2,1,4,1,0,2,0,0,1,2,0,1,2,1,0,3,1,3,1,1
A[C>A]G,0,0,2,0,2,1,0,0,0,0,1,0,1,0,0,0,0,0,0,0,0,0,0,0,0,0,0,0,1,2,0,0,2,0,0,0,0,0,0,0,0,0,0,1,0,1,1,0,1,1,0,1,0,0,1,0,0,0,0,1,0,0,0,1,0,0,2,0,0,0,0,0,0,0,4,1,0,0,2,1,2,0,0,0,0,0,0,1,0,0,0,0,0,0,1,1,0,0,0,0,0,0,2,0,0,0,0
A[C>A]T,0,0,0,0,1,0,0,0,0,2,2,0,0,0,0,2,0,0,1,2,4,0,0,1,0,1,3,0,2,0,0,0,1,0,1,0,0,0,2,0,0,0,3,1,2,0,1,0,2,1,1,4,2,0,0,0,0,1,1,0,2,0,0,0,3,1,0,1,0,0,0,0,0,1,1,3,0,0,1,0,5,0,0,1,0,2,0,0,1,2,0,0,2,0,1,3,2,0,0,1,1,0,2,0,1,0,1
A[C>G]A,3,2,1,0,5,0,0,0,0,0,2,0,0,5,0,2,2,2,0,0,2,0,0,0,0,3,1,0,3,2,0,0,0,0,1,0,1,1,2,0,0,1,0,2,0,0,3,0,1,1,0,1,0,0,0,1,0,0,0,0,4,0,0,1,2,0,0,0,0,0,1,2,0,0,1,0,5,2,0,3,3,1,0,2,0,6,0,1,0,2,1,0,0,0,1,2,0,0,1,1,1,0,2,0,3,0,1
A[C>G]C,0,0,0,1,2,0,0,0,0,3,2,0,0,0,1,0,0,0,1,1,0,0,0,0,0,4,1,0,4,0,0,1,0,0,1,0,0,0,0,0,0,1,1,3,1,0,5,0,0,1,0,4,1,0,0,1,1,0,0,0,3,0,0,0,0,1,0,0,0,0,0,0,0,2,0,0,2,1,1,2,3,0,0,3,0,3,0,1,0,1,0,0,0,0,0,0,1,0,0,1,1,0,1,0,0,2,0
A[C>G]G,1,0,1,0,2,0,1,0,0,0,0,0,0,2,1,1,1,0,0,0,1,1,1,1,0,0,0,0,1,0,0,1,0,0,0,0,1,0,0,1,0,0,0,2,0,0,2,1,0,2,0,2,1,0,1,0,1,0,0,0,5,0,0,1,0,0,0,0,2,1,1,2,0,0,3,0,1,2,0,2,1,0,0,0,2,3,0,0,1,1,1,0,0,1,0,0,1,0,0,0,0,0,0,1,0,1,0
A[C>G]T,5,0,0,0,1,0,0,0,0,4,2,3,0,3,0,1,0,2,0,0,2,1,0,2,0,2,3,0,2,3,0,0,0,0,0,1,0,0,1,0,0,0,0,1,0,0,1,0,2,2,0,1,0,0,0,0,0,2,0,0,0,0,0,1,1,0,1,0,1,1,0,3,0,0,6,1,2,0,2,2,4,1,0,1,1,0,0,1,0,5,0,0,0,0,1,0,0,0,0,1,1,0,3,0,0,1,0
A[C>T]A,1,1,3,1,5,1,0,4,2,1,2,0,0,7,0,2,0,1,2,1,3,1,0,1,0,3,0,0,1,1,1,0,0,0,0,0,0,0,2,0,1,1,1,2,0,1,4,1,1,2,1,5,1,1,0,2,0,0,0,0,1,1,1,3,1,0,2,2,1,0,2,0,0,3,6,0,5,2,0,2,4,0,0,4,1,2,1,1,1,6,1,0,1,0,2,1,1,1,1,2,3,2,3,2,0,6,3
A[C>T]C,0,3,2,0,5,1,1,0,0,2,2,0,1,1,2,0,1,1,0,0,3,0,0,0,0,2,1,2,4,0,0,0,3,0,1,2,0,0,0,0,0,0,1,2,0,0,1,1,1,1,0,7,0,0,2,2,1,1,1,2,0,0,0,4,3,1,0,1,1,1,3,0,2,2,4,0,1,1,2,1,3,0,0,0,1,1,0,3,0,4,3,0,4,0,2,0,2,2,0,2,4,2,0,0,2,2,2
A[C>T]G,7,1,3,9,6,4,7,0,3,8,4,3,7,6,4,7,6,4,2,6,5,2,6,1,1,2,3,9,4,3,2,2,9,4,6,2,4,3,7,0,7,9,9,6,10,9,5,1,3,9,0,6,12,7,3,15,7,3,6,8,9,2,1,11,8,8,7,7,9,4,7,5,1,13,4,4,3,3,4,3,7,3,2,4,1,4,3,5,7,4,4,4,8,2,4,3,1,2,9,12,6,10,4,6,4,7,6
A[C>T]T,1,0,2,0,2,1,1,3,0,0,0,1,0,3,0,3,1,1,1,0,0,0,1,0,0,1,1,3,5,1,0,0,1,0,3,1,2,0,2,1,0,0,0,1,1,2,3,1,0,3,1,0,1,0,1,3,0,0,1,0,1,0,0,2,0,1,0,0,1,0,2,1,0,1,1,1,0,0,2,1,5,1,1,2,1,1,0,0,0,1,0,0,1,0,0,0,0,0,1,1,2,2,3,0,1,1,1
A[T>A]A,0,0,0,0,1,1,0,0,1,1,0,0,0,0,0,0,0,0,2,0,0,0,0,0,0,1,0,1,1,0,0,0,0,0,0,0,0,0,0,0,0,0,1,1,0,0,1,0,0,0,1,0,0,0,0,0,0,0,0,0,1,0,0,0,0,0,0,0,0,0,0,3,0,1,0,0,3,1,0,0,0,0,0,1,0,1,0,0,0,1,0,0,0,0,0,0,0,0,2,0,1,0,0,0,0,0,0
A[T>A]C,1,0,0,0,1,0,0,0,1,2,1,0,0,2,0,0,0,0,1,1,1,0,1,0,0,1,2,0,1,0,0,1,0,0,0,0,0,0,0,0,0,0,1,2,1,1,2,0,2,0,1,0,0,1,0,0,1,1,0,0,2,0,0,0,1,0,1,0,2,1,0,1,0,1,1,1,1,0,0,0,2,1,0,0,0,1,0,0,0,0,1,0,0,0,0,1,1,0,0,2,0,0,1,1,2,1,1
A[T>A]G,0,0,1,1,0,0,2,1,0,1,0,1,0,0,0,0,1,0,0,0,0,1,1,0,1,1,0,2,3,0,2,0,0,1,0,1,1,0,1,0,0,0,0,0,0,0,0,0,0,0,0,2,0,0,2,1,0,0,1,0,2,1,0,0,0,0,0,0,0,0,0,2,0,2,0,2,0,1,2,3,2,0,0,2,0,0,0,0,0,2,0,0,2,0,0,0,0,0,0,2,0,1,2,0,0,0,2
A[T>A]T,0,0,2,0,1,0,1,0,0,1,1,0,0,0,0,1,0,0,1,0,0,0,1,0,0,2,1,0,1,0,0,0,2,0,0,0,0,0,1,0,0,0,0,3,0,0,3,0,4,0,0,0,0,1,0,1,0,0,0,1,3,0,0,1,2,1,0,0,0,0,0,0,0,0,1,0,0,0,0,0,0,0,0,1,0,1,0,1,0,1,0,1,0,0,0,0,0,0,0,0,1,0,0,0,1,0,1
A[T>C]A,0,0,2,0,2,0,1,0,0,1,1,0,0,0,1,1,1,2,0,2,0,0,1,1,0,0,0,0,2,2,0,1,0,0,0,0,0,0,0,0,0,0,0,2,0,0,1,0,0,1,2,1,0,0,0,3,0,0,1,0,3,1,0,1,2,0,0,1,0,0,1,3,0,1,3,0,0,0,1,0,1,0,0,0,1,0,0,1,0,2,1,0,0,0,1,1,0,2,0,1,0,0,0,0,1,0,0
A[T>C]C,0,1,2,0,4,0,1,0,0,0,2,0,0,1,0,0,1,3,0,1,0,0,0,0,0,1,0,1,0,1,0,0,2,0,0,1,1,1,4,0,0,0,1,1,0,0,0,0,2,2,0,1,1,0,0,0,0,0,0,0,1,0,0,1,1,0,0,0,0,0,2,2,0,0,4,1,2,0,0,1,3,0,0,1,0,0,1,0,0,2,0,1,0,0,1,0,1,0,0,1,0,0,0,0,0,2,0
A[T>C]G,3,1,0,1,2,2,1,0,0,2,0,0,0,0,1,0,0,0,2,2,2,4,1,2,0,2,3,1,1,2,0,1,1,0,0,1,3,0,4,0,2,0,0,0,0,1,2,0,3,1,2,5,0,2,1,0,1,0,1,2,3,2,0,0,1,2,0,0,0,0,2,1,1,2,1,0,3,0,0,3,2,0,1,1,2,0,0,1,3,1,0,0,2,1,2,1,0,2,2,1,3,0,2,0,1,0,2
A[T>C]T,1,1,2,1,1,2,0,0,1,0,1,0,2,2,0,1,1,1,1,2,2,0,1,0,0,3,1,0,1,3,0,1,0,0,0,0,1,2,1,0,0,0,2,5,1,0,1,0,2,3,2,4,2,2,1,1,0,0,1,1,0,0,0,1,1,0,0,0,0,0,2,0,0,3,1,1,3,1,0,6,5,1,1,0,0,0,0,1,1,5,0,0,4,0,0,0,1,0,0,0,4,0,2,0,0,0,0
A[T>G]A,0,0,0,0,1,0,0,0,0,0,0,0,0,0,0,0,0,0,0,0,0,0,0,0,0,1,0,0,0,0,0,0,0,0,0,0,0,0,1,0,0,0,1,0,0,1,1,0,0,0,1,0,1,0,0,0,0,0,0,0,0,0,0,0,0,0,0,0,1,0,0,0,0,1,0,0,0,0,0,0,0,0,0,1,0,0,0,1,0,1,0,1,0,0,0,0,1,0,0,0,0,0,0,0,1,0,0
A[T>G]C,1,1,0,0,1,0,1,0,0,0,0,0,0,0,0,0,0,0,0,0,1,0,0,0,1,1,0,0,0,0,1,0,0,0,0,0,0,0,0,0,0,0,0,0,0,0,0,0,1,0,0,1,1,0,0,0,1,0,0,0,0,0,0,0,0,0,0,0,0,0,0,1,0,0,0,0,0,0,0,0,0,0,1,0,1,0,0,0,0,1,1,0,0,0,0,0,0,0,0,1,0,0,0,0,2,0,0
A[T>G]G,1,0,0,0,1,0,0,0,0,2,0,0,0,0,0,2,0,0,1,0,0,0,0,0,0,0,0,0,1,1,0,0,0,0,0,0,0,0,0,0,0,1,0,2,0,0,1,0,2,2,0,1,0,0,1,0,0,0,0,0,2,0,0,0,0,0,0,0,1,0,0,0,0,0,0,0,0,2,0,0,1,1,0,0,1,2,0,0,1,1,0,0,0,0,1,0,0,0,0,1,0,0,3,1,0,0,0
A[T>G]T,1,0,0,0,0,0,1,0,0,0,0,0,1,0,1,0,0,0,0,0,1,0,0,1,1,3,0,1,0,0,0,1,0,0,1,0,0,0,0,0,0,0,0,1,0,0,0,1,0,0,0,0,0,0,0,0,1,0,0,0,0,0,0,0,1,0,0,0,0,0,0,0,1,0,3,0,2,0,0,0,0,0,0,0,3,0,0,0,1,0,0,0,0,0,0,0,1,0,0,0,0,0,1,0,0,0,3
C[C>A]A,3,0,2,0,5,0,2,0,2,5,3,0,0,1,1,0,2,0,1,0,3,2,0,1,0,3,3,1,3,0,0,1,1,0,1,0,1,1,3,0,2,0,1,3,1,1,5,0,3,1,0,6,2,0,0,0,0,0,0,1,5,0,0,0,3,0,0,0,0,1,0,3,1,1,3,0,3,2,1,1,4,0,1,3,1,3,0,0,0,3,0,0,0,1,1,0,2,0,0,0,2,0,3,0,2,0,0
C[C>A]C,3,0,3,0,2,1,1,0,0,1,2,0,0,0,0,1,1,0,1,0,0,0,1,0,0,1,1,1,4,1,1,0,3,0,2,0,1,1,0,0,2,0,1,3,0,0,1,0,1,2,0,3,0,0,1,1,1,0,0,0,3,2,0,0,0,0,1,0,1,0,2,1,0,2,5,3,1,4,1,0,0,2,1,2,0,4,0,5,1,3,1,1,1,0,3,1,1,0,2,2,6,0,6,1,3,1,2
C[C>A]G,1,0,1,0,6,0,1,0,0,2,1,0,0,2,2,1,1,0,1,0,3,0,0,0,0,1,1,1,1,1,0,0,1,0,1,0,2,1,2,0,0,0,0,2,0,1,1,0,2,0,0,0,0,0,0,1,0,0,0,0,0,0,0,2,1,0,0,2,0,0,1,2,1,2,2,1,0,1,0,1,1,0,0,1,2,3,0,1,0,0,0,0,0,0,0,0,1,0,1,3,4,0,1,2,0,1,0
C[C>A]T,1,1,1,3,0,0,1,0,1,0,3,0,1,1,0,2,1,0,1,1,0,0,0,0,1,1,5,0,6,0,1,0,0,0,0,0,0,0,1,0,0,1,1,6,2,0,7,2,2,0,1,4,0,1,2,1,2,0,1,0,1,1,0,2,2,0,1,0,1,1,2,1,0,1,2,0,0,1,0,0,3,0,0,3,1,0,0,2,2,2,0,0,3,0,0,0,0,0,1,1,0,1,4,4,0,1,1
C[C>G]A,2,0,1,0,2,0,1,1,1,1,0,0,0,4,0,2,1,2,0,0,0,1,0,0,1,1,1,0,0,1,0,0,0,0,0,0,1,1,1,0,0,1,1,2,0,0,0,0,1,2,0,2,0,1,0,1,1,1,0,0,2,0,0,1,0,0,1,0,0,1,0,0,0,1,2,2,2,0,1,1,3,0,0,1,1,2,1,0,1,2,0,0,1,0,1,0,1,1,0,0,1,0,1,0,0,4,1
C[C>G]C,1,0,1,0,1,0,0,0,0,0,2,0,0,1,0,2,1,0,1,0,1,0,0,1,0,2,0,1,2,0,0,0,0,0,0,0,1,0,2,0,1,0,1,0,2,0,1,2,0,3,0,0,0,0,0,1,0,1,0,0,0,0,0,0,1,1,0,1,0,0,0,1,0,2,3,0,4,0,0,2,2,0,0,1,1,3,0,0,1,3,0,0,1,0,1,0,0,0,0,1,1,0,4,0,1,0,2
C[C>G]G,4,0,2,1,6,0,1,0,0,0,3,0,2,4,1,0,3,0,0,0,1,2,0,0,0,3,3,2,2,0,0,0,1,0,2,0,0,1,1,0,0,1,1,1,0,1,1,4,0,1,1,1,0,0,1,0,0,0,0,0,3,0,0,3,2,0,1,0,0,0,0,2,0,2,1,0,1,2,1,2,5,0,1,2,2,1,0,1,1,0,0,0,2,2,1,0,0,0,0,2,2,0,2,0,0,0,1
C[C>G]T,7,0,0,0,5,0,1,0,2,0,5,0,0,2,0,5,1,1,1,0,3,1,0,1,0,1,2,1,2,4,0,0,0,1,0,1,0,1,1,0,1,0,2,3,0,0,2,1,3,1,0,5,1,1,0,1,0,0,0,0,5,0,0,2,0,0,1,0,0,1,0,4,0,1,11,1,3,0,3,3,4,2,0,0,3,1,0,1,0,5,1,0,2,0,1,0,1,0,0,2,3,1,3,1,1,2,0
C[C>T]A,3,0,0,2,1,2,1,2,2,2,0,1,1,3,0,2,2,4,1,4,1,0,0,2,1,2,2,2,2,0,0,0,2,0,2,1,1,1,1,0,1,1,4,5,2,0,2,0,2,2,2,6,1,1,1,6,2,0,4,0,5,0,2,4,4,0,0,1,0,5,2,5,0,1,7,1,0,3,0,4,5,3,1,1,0,4,2,2,1,6,2,0,8,1,3,0,0,0,2,3,1,7,3,1,2,7,0
C[C>T]C,1,0,1,1,2,0,1,1,1,1,3,1,0,2,0,1,1,1,0,1,3,1,1,0,1,1,1,2,8,3,1,0,1,0,2,1,3,0,2,0,1,0,0,2,0,1,1,0,2,0,0,3,1,0,1,0,1,3,1,0,1,1,0,2,1,1,1,0,2,1,1,6,0,1,10,3,1,0,0,2,3,0,2,1,6,4,2,1,1,1,1,2,1,0,6,0,2,0,1,2,1,3,1,0,2,4,2
C[C>T]G,4,2,0,5,7,4,7,2,2,5,9,6,4,7,5,6,0,8,4,1,2,1,1,3,6,5,4,4,5,1,1,4,7,1,7,2,3,8,5,2,4,6,8,6,9,10,3,1,5,3,3,5,5,3,6,12,3,4,5,5,10,4,3,11,6,6,5,4,5,5,7,2,1,3,10,3,5,3,1,6,8,3,7,5,1,8,1,8,1,7,8,3,13,4,3,3,6,3,5,4,5,4,9,4,2,10,7
C[C>T]T,2,1,1,1,4,1,1,2,1,0,1,2,2,2,1,3,2,3,0,1,2,1,1,0,2,2,2,0,2,1,0,1,4,1,1,1,1,0,5,1,1,1,3,3,1,0,3,1,3,3,0,9,3,0,1,1,1,0,2,1,5,0,0,5,1,1,5,1,1,1,2,3,0,2,6,5,2,2,2,1,8,1,0,2,3,1,1,2,1,1,4,0,3,0,1,1,3,0,0,1,2,1,3,1,0,2,3
C[T>A]A,0,0,0,0,1,0,0,0,0,1,1,0,1,0,0,0,0,0,1,0,0,1,0,0,0,0,0,0,0,0,0,0,0,0,0,0,0,0,0,0,0,0,0,1,1,0,0,1,1,0,0,3,0,0,0,0,0,0,0,0,0,0,1,0,0,0,0,0,0,0,0,1,0,0,2,0,0,0,0,0,0,0,0,1,0,0,0,0,0,1,0,0,0,1,1,0,0,0,1,1,0,1,1,0,0,0,0
C[T>A]C,0,0,1,0,2,0,0,0,1,0,2,0,1,2,0,2,1,0,0,0,1,0,0,0,0,1,3,0,3,0,1,1,0,0,0,1,0,0,1,0,0,0,1,1,0,0,2,0,0,1,0,4,1,1,0,1,0,2,0,0,0,0,0,2,0,0,1,0,0,0,0,2,1,0,2,1,0,1,0,1,2,2,0,0,1,1,0,0,0,1,0,1,0,0,2,1,0,0,0,0,0,0,3,0,2,1,1
C[T>A]G,2,1,2,0,2,0,2,0,0,0,2,1,0,0,0,1,1,0,0,1,4,1,0,0,0,5,2,1,5,0,0,0,0,0,2,0,0,2,0,0,0,1,0,1,0,1,1,0,3,0,1,4,0,0,1,2,1,0,0,0,2,0,0,1,3,1,0,0,1,0,2,1,1,2,1,1,1,0,0,2,2,0,0,1,2,0,0,0,0,2,0,0,0,0,2,2,4,0,0,0,4,0,4,1,1,0,0
C[T>A]T,2,0,0,0,3,0,1,0,2,2,1,0,2,0,0,6,1,0,0,0,1,0,0,0,0,0,0,0,4,0,0,0,0,0,0,0,0,0,0,0,0,0,1,3,1,0,1,0,5,1,0,6,0,0,0,0,0,0,1,0,3,0,0,0,2,0,0,0,0,0,0,3,0,1,1,0,2,0,1,0,2,0,0,0,0,0,0,3,0,3,1,0,0,0,3,0,1,1,0,2,0,0,0,0,0,0,3
C[T>C]A,0,0,0,0,0,0,0,0,0,1,0,0,1,3,0,0,1,0,0,0,0,0,0,0,1,4,0,0,1,0,0,0,0,0,0,0,0,2,1,0,0,1,0,0,2,0,0,0,1,1,1,0,0,1,1,0,0,0,0,0,1,0,0,1,3,0,1,0,1,0,0,0,1,0,1,0,0,1,0,0,3,0,0,4,0,0,0,1,0,1,1,0,0,0,0,0,0,0,0,1,0,0,0,0,0,0,1
C[T>C]C,0,0,0,1,3,1,0,1,0,1,1,0,0,0,0,2,1,0,0,0,2,0,0,1,0,1,2,0,2,1,1,0,1,1,1,0,1,1,1,0,0,0,1,1,1,1,4,1,0,1,0,0,0,0,0,0,0,1,0,1,1,0,0,0,2,0,0,1,1,0,0,2,0,0,5,1,0,0,0,2,1,0,1,1,1,0,1,0,1,2,0,0,3,0,1,0,1,0,0,1,0,0,3,0,2,0,6
C[T>C]G,1,1,1,0,3,0,0,0,0,1,2,0,0,3,0,3,0,0,1,3,1,0,0,1,0,1,1,0,4,0,0,1,0,0,3,1,1,3,2,0,2,0,1,0,0,1,0,1,1,2,0,3,4,1,1,0,1,1,0,0,3,1,0,2,1,2,0,0,3,1,1,1,0,0,2,2,0,0,1,3,4,1,1,2,1,0,0,2,0,3,0,1,2,0,1,0,0,0,1,0,3,0,2,0,0,0,2
C[T>C]T,1,0,0,0,4,2,1,0,0,3,0,0,2,2,1,0,2,0,1,0,0,1,0,0,1,4,1,0,0,0,0,0,1,0,1,0,1,2,4,0,0,1,2,0,0,1,3,0,0,2,0,4,0,0,2,2,0,0,0,0,4,0,0,1,1,1,1,1,0,1,0,0,2,0,2,1,0,0,0,0,0,0,0,0,1,0,0,1,0,1,0,1,1,0,1,1,0,0,0,2,0,0,5,1,0,0,1
C[T>G]A,1,0,1,0,0,0,0,0,0,0,0,0,0,0,0,2,0,0,0,0,0,0,0,1,0,0,0,0,0,0,0,0,0,0,0,0,0,0,1,1,0,0,0,1,0,0,0,0,0,0,0,0,0,0,0,0,0,0,0,0,0,0,0,0,1,0,0,0,0,0,0,0,0,1,1,0,1,0,0,1,1,0,0,0,0,0,0,0,0,0,0,0,0,0,0,1,0,0,1,0,0,0,0,0,0,0,0
C[T>G]C,2,0,0,0,0,0,1,0,0,0,1,0,0,0,0,0,1,0,0,0,0,0,0,0,0,1,0,0,0,0,0,0,0,0,0,0,0,0,0,0,1,0,0,0,0,0,2,0,0,0,1,2,0,0,0,1,0,1,1,1,1,0,1,0,2,0,0,0,0,1,0,1,0,0,1,0,0,0,1,2,0,0,0,2,2,0,0,2,0,2,0,0,0,0,1,0,1,0,0,0,0,0,2,0,0,1,1
C[T>G]G,1,1,0,0,2,0,1,0,1,0,2,0,1,2,1,1,1,0,0,0,0,0,1,1,0,3,1,0,2,1,0,0,1,0,0,0,0,0,2,0,0,0,1,0,0,0,3,0,1,1,1,2,0,0,0,0,1,0,0,0,1,0,0,1,3,1,0,0,0,0,1,1,0,0,2,2,2,0,1,4,7,0,0,1,2,2,0,0,0,2,1,0,1,0,0,0,1,0,1,0,2,0,4,0,1,0,2
C[T>G]T,0,1,0,0,1,0,0,0,0,0,0,0,0,0,0,1,0,0,1,0,0,0,0,0,0,0,0,1,0,0,0,0,0,0,0,0,0,0,1,1,0,1,3,0,0,0,1,0,0,2,0,3,0,0,0,1,0,0,1,0,1,0,0,0,1,1,1,0,0,1,0,2,0,0,2,0,0,0,0,0,3,0,0,0,0,0,0,0,0,1,0,0,0,0,2,0,0,0,1,2,1,0,2,0,0,0,10
G[C>A]A,2,0,3,1,8,1,3,0,0,2,0,0,0,1,1,0,0,1,0,0,0,0,0,1,2,0,2,0,1,2,0,0,2,0,0,0,2,2,2,0,0,1,1,0,1,0,2,0,0,1,0,1,0,0,2,1,1,1,3,1,5,1,0,3,1,2,0,0,1,1,1,0,0,0,3,1,2,1,1,1,5,1,0,1,1,1,1,2,1,1,1,0,0,0,1,1,1,1,0,0,4,1,1,3,1,0,1
G[C>A]C,2,0,3,2,4,0,0,0,1,2,1,0,1,2,2,2,0,1,1,0,4,0,0,0,0,2,0,1,2,0,0,1,1,0,2,0,1,2,1,0,1,1,1,5,2,0,2,0,2,1,0,4,1,0,2,0,0,1,0,0,1,1,0,5,7,0,0,0,2,0,1,2,0,2,7,2,2,0,1,0,2,1,0,1,2,1,0,3,0,4,0,0,1,0,1,0,1,2,1,2,1,1,2,0,0,0,1
G[C>A]G,1,0,1,0,0,1,1,0,0,0,2,0,1,0,0,0,1,0,0,1,0,0,0,1,0,0,0,1,1,1,0,0,0,0,0,1,1,0,1,0,0,0,1,0,1,1,0,1,0,1,0,0,0,0,0,1,1,2,0,0,0,0,1,0,1,0,0,0,1,0,0,0,0,0,3,0,0,2,0,0,2,1,0,0,1,0,1,1,0,1,0,0,0,0,1,0,2,0,0,2,0,0,1,2,0,1,2
G[C>A]T,2,0,1,0,2,0,0,1,0,1,1,0,1,3,1,2,3,0,0,1,1,0,0,2,0,1,1,0,1,1,1,0,1,0,1,0,1,0,1,0,1,1,1,1,1,0,0,0,2,0,0,5,0,0,2,3,0,0,1,1,1,0,0,2,0,0,0,0,0,1,2,3,0,0,3,0,1,1,1,0,2,0,0,1,0,1,1,2,0,2,0,0,1,0,0,1,3,1,1,1,3,0,2,0,0,0,1
G[C>G]A,0,0,0,0,3,0,1,0,0,0,0,0,0,2,0,2,1,1,0,0,1,0,0,0,0,0,1,0,1,0,0,0,0,0,0,0,0,0,0,0,0,0,1,2,0,1,1,1,1,2,0,2,0,0,1,1,2,0,0,1,2,0,0,0,0,0,0,0,1,1,0,1,1,0,5,1,1,0,0,3,4,0,0,1,0,0,0,0,1,1,0,0,0,0,0,0,1,1,0,0,1,0,1,0,1,0,0
G[C>G]C,0,0,1,0,2,0,0,0,0,1,1,0,0,4,0,1,0,0,2,0,1,0,0,0,0,1,0,0,1,1,0,1,0,0,0,0,0,0,0,1,1,0,2,2,0,0,1,0,4,2,1,0,0,0,1,0,1,0,0,0,1,0,0,0,0,1,0,0,2,0,0,2,0,0,4,1,2,0,0,3,3,0,0,0,0,0,0,0,1,2,2,0,1,1,2,0,1,0,1,2,0,0,4,1,2,1,2
G[C>G]G,0,0,1,0,1,0,0,0,0,0,0,0,0,0,0,0,0,1,0,0,1,0,1,1,0,0,0,0,1,1,1,0,0,0,0,0,1,0,0,0,0,0,0,1,0,0,2,1,0,1,0,0,0,0,0,1,0,0,0,0,3,0,0,0,1,1,0,0,0,0,1,2,0,1,2,0,2,1,0,0,5,0,0,1,1,0,0,0,0,1,0,0,0,0,5,0,0,0,0,0,0,0,1,0,1,1,0
G[C>G]T,4,0,2,0,6,1,0,0,0,1,0,0,0,3,1,0,3,1,0,0,1,2,0,1,1,1,0,1,0,3,0,0,0,0,1,0,1,3,1,0,0,0,1,2,1,0,3,0,1,1,1,2,0,0,0,1,1,0,1,0,2,0,1,2,1,0,0,1,0,1,1,2,0,0,7,2,2,0,0,1,7,0,0,1,1,3,1,0,0,2,0,0,3,1,1,0,0,0,0,1,1,2,1,0,1,3,1
G[C>T]A,2,1,2,1,3,1,3,0,0,0,1,1,0,0,1,0,2,3,0,1,3,2,1,2,0,3,2,0,2,1,0,2,0,1,2,1,4,2,2,0,0,2,0,4,1,1,1,1,5,4,0,3,2,0,0,5,2,1,0,1,4,0,0,1,4,1,2,0,1,4,3,3,0,2,3,1,1,3,1,4,3,6,0,2,2,1,2,1,2,2,1,0,4,1,2,1,0,1,2,2,2,1,3,4,2,4,2
G[C>T]C,2,2,1,0,5,0,0,1,1,3,3,1,1,2,2,3,0,2,1,2,4,0,0,0,2,5,3,0,6,1,0,1,4,0,2,1,2,0,2,0,2,0,2,5,0,0,5,1,1,1,0,2,0,2,2,2,1,2,0,0,2,1,0,2,4,0,1,0,2,1,1,2,0,0,5,1,3,0,1,2,3,1,3,4,2,5,1,1,1,2,1,1,1,1,4,2,1,0,1,1,0,2,3,2,4,3,5
G[C>T]G,3,1,1,6,5,1,5,1,4,2,13,3,6,4,2,4,5,2,5,8,5,0,4,2,4,3,5,4,3,3,0,6,9,1,5,1,3,4,3,2,4,3,8,10,6,11,3,8,2,4,3,10,9,1,5,14,5,1,1,6,7,3,0,8,4,6,4,8,7,2,4,5,2,2,6,3,3,3,6,5,11,1,5,2,7,1,3,11,4,3,4,2,9,1,2,4,3,3,6,11,3,8,4,6,1,9,10
G[C>T]T,2,1,2,0,5,0,1,0,0,2,3,2,0,2,1,1,2,1,0,0,2,0,0,1,1,3,0,0,5,1,0,0,0,1,1,1,2,0,2,0,1,1,1,4,1,1,6,1,2,0,0,5,0,1,2,1,1,1,0,1,4,1,0,2,1,0,0,0,4,1,1,0,0,0,0,0,2,2,1,1,2,2,0,1,2,1,1,3,2,4,2,0,4,1,2,2,0,0,0,2,2,1,3,1,1,3,2
G[T>A]A,0,0,0,0,1,0,0,0,0,0,0,0,0,0,0,0,0,0,2,1,1,0,0,0,0,0,0,0,2,0,0,0,0,0,2,0,0,0,1,0,0,0,0,0,0,0,0,1,0,0,0,0,0,0,1,0,0,0,0,1,1,0,0,0,0,0,0,0,0,0,0,1,0,0,0,1,0,0,0,1,0,0,0,0,2,1,0,0,1,3,0,0,0,0,0,0,0,0,0,0,0,0,1,0,1,0,0
G[T>A]C,1,0,2,1,1,0,0,0,0,0,0,0,0,0,0,0,0,0,0,0,1,0,0,0,0,0,0,0,1,1,0,0,1,0,0,1,0,0,0,0,0,2,0,2,0,0,0,0,0,0,0,0,0,0,0,2,0,0,0,0,0,1,0,1,0,0,0,0,1,0,0,1,0,1,2,1,1,0,1,1,1,0,0,1,0,0,0,0,0,1,0,0,2,0,0,1,1,0,0,0,0,1,2,0,0,0,1
G[T>A]G,2,0,0,0,3,0,0,0,0,1,0,0,0,2,2,0,0,0,0,0,0,0,0,0,0,2,1,1,1,1,0,0,0,0,1,0,0,0,0,0,0,0,0,1,0,0,1,1,0,0,1,1,0,0,1,0,0,0,0,0,2,0,0,1,0,0,1,0,0,0,0,2,0,1,1,1,2,1,0,0,0,0,0,1,1,1,1,0,0,1,0,0,0,0,0,0,4,0,0,0,0,1,0,0,0,0,0
G[T>A]T,1,0,0,0,1,0,0,0,1,0,1,0,0,0,0,0,0,0,0,0,0,0,0,0,0,0,1,0,1,0,0,0,0,0,0,0,1,0,1,0,1,0,0,2,0,0,2,0,0,0,0,0,0,0,0,2,0,0,0,0,1,0,0,0,0,0,0,0,0,0,0,0,0,0,2,0,0,0,0,1,0,0,0,1,2,0,0,2,0,0,1,0,0,0,1,1,0,0,0,0,0,0,0,0,0,0,0
G[T>C]A,2,1,1,1,0,1,0,0,0,1,1,0,0,1,0,0,1,1,1,0,0,0,0,1,0,0,0,0,1,0,0,0,1,0,0,1,0,0,3,0,2,0,1,1,0,0,0,0,1,0,1,1,0,1,0,2,0,0,0,2,5,0,0,1,1,0,1,0,1,0,2,0,1,2,2,0,0,0,0,0,2,0,0,0,2,2,0,0,0,2,1,0,0,0,2,1,0,1,0,1,1,0,2,0,1,0,0
G[T>C]C,1,0,0,0,0,0,0,0,1,1,0,0,0,2,2,0,1,0,1,1,0,0,0,1,1,0,3,0,1,0,0,0,2,0,0,0,1,1,1,0,0,1,1,1,0,0,2,0,0,0,0,1,0,0,0,2,0,0,0,0,1,0,0,1,2,0,0,0,0,0,1,3,1,0,1,0,2,1,0,1,3,1,0,1,0,1,0,0,0,2,1,0,1,0,0,0,1,0,1,0,1,1,3,0,1,1,0
G[T>C]G,2,0,0,0,1,2,0,0,1,0,4,0,0,1,2,2,0,0,1,0,1,0,1,2,0,1,0,0,2,1,0,0,2,0,1,0,0,0,2,0,0,0,0,0,1,0,2,1,0,1,0,1,0,1,2,1,1,1,0,0,1,0,0,0,2,1,0,0,0,0,0,1,1,0,1,0,0,1,0,1,6,0,1,0,0,0,0,1,0,1,0,0,1,1,1,0,2,0,0,2,0,0,3,0,1,0,1
G[T>C]T,1,0,1,1,1,0,0,1,3,1,3,0,0,0,0,2,0,0,0,1,0,0,0,0,2,1,0,0,1,0,0,0,1,0,0,0,1,1,2,0,0,0,1,0,0,0,1,0,0,0,0,4,0,0,2,0,0,0,0,0,1,1,0,0,0,1,1,0,0,1,1,1,0,1,0,1,0,1,1,2,3,1,0,1,0,0,0,1,1,1,0,0,1,0,2,1,0,0,0,3,0,0,2,1,0,0,2
G[T>G]A,0,0,0,0,0,0,0,0,0,0,0,0,0,0,0,0,1,0,0,0,0,0,0,0,0,0,0,0,1,0,0,0,0,0,0,0,0,0,0,1,0,0,1,0,0,1,0,0,0,0,0,0,0,1,0,1,0,0,0,0,1,0,0,0,0,0,0,0,0,0,0,1,0,0,1,0,1,0,0,0,0,0,0,2,0,0,0,0,0,3,0,0,0,0,1,0,1,0,0,0,0,0,1,0,0,0,1
G[T>G]C,0,2,0,0,0,0,1,0,0,0,0,0,0,0,1,0,0,0,1,0,1,0,0,0,0,0,0,0,0,0,0,0,0,1,0,0,0,1,0,0,0,1,0,1,1,0,1,0,0,0,0,0,0,1,0,1,0,0,0,0,1,0,0,0,0,0,0,0,1,0,0,1,0,0,3,0,0,0,0,0,2,0,0,0,0,0,0,0,0,1,0,0,0,1,1,0,0,0,0,0,0,0,0,0,0,0,1
G[T>G]G,2,0,2,0,0,0,0,0,0,2,0,0,1,1,0,2,0,0,0,0,0,0,0,0,1,0,1,0,1,0,0,0,0,0,0,1,1,0,1,0,0,1,0,1,0,1,0,0,3,0,0,2,0,0,0,1,0,0,0,0,0,0,0,0,0,0,0,0,1,0,1,4,0,1,2,1,1,0,0,4,0,0,0,0,0,1,1,0,0,0,0,0,2,0,0,0,1,1,0,0,2,0,2,0,1,0,0
G[T>G]T,2,0,0,0,1,0,0,0,0,0,1,0,1,0,0,0,0,0,1,0,0,0,0,0,0,0,1,0,1,0,0,0,0,0,0,0,1,0,2,0,0,0,1,0,0,1,0,0,0,1,1,2,0,0,0,2,0,0,0,0,1,0,0,0,0,0,1,0,0,0,0,1,0,0,1,3,3,0,0,0,0,0,0,0,0,1,0,0,1,0,0,0,0,0,0,0,0,0,1,0,0,0,0,0,0,0,0
T[C>A]A,2,1,2,0,6,0,0,2,0,4,3,0,0,1,1,2,0,11,1,0,1,0,0,4,0,0,1,3,4,0,1,1,5,0,1,0,3,0,5,0,0,4,0,1,3,1,2,1,2,1,1,6,1,0,5,3,2,0,2,0,7,0,0,10,2,0,0,0,1,9,0,4,1,3,3,0,2,0,0,3,2,5,0,1,0,4,0,1,2,3,0,1,5,0,2,1,0,0,1,2,0,1,1,3,3,17,1
T[C>A]C,6,3,1,0,6,0,3,1,1,0,3,1,2,2,0,3,0,7,2,2,4,3,1,0,0,4,2,1,8,3,0,0,1,0,4,0,1,1,5,0,0,0,1,4,2,1,3,1,0,2,0,11,0,1,2,0,2,2,0,0,3,0,0,5,1,1,0,2,1,7,2,1,0,1,3,1,1,2,2,1,2,5,2,0,1,7,0,1,2,2,2,2,3,3,2,3,2,0,2,3,4,0,4,2,2,9,4
T[C>A]G,0,0,0,0,2,1,2,1,2,1,2,0,0,1,0,1,1,2,0,0,0,0,0,2,1,1,1,2,0,1,0,0,0,1,1,0,1,0,0,0,0,1,0,2,1,0,1,0,0,1,0,0,0,0,1,0,1,0,0,0,1,0,1,1,0,1,0,1,0,8,0,0,0,0,1,0,2,0,0,0,1,4,0,0,0,4,0,4,0,0,1,0,3,0,1,1,0,0,0,2,0,0,0,0,1,4,0
T[C>A]T,0,1,2,0,7,1,0,1,2,3,0,1,0,1,1,4,4,3,1,1,0,1,0,5,0,0,1,1,2,1,2,2,4,0,1,1,2,2,6,0,1,1,2,5,0,0,1,0,3,0,1,11,1,0,3,4,2,0,2,0,2,1,2,8,0,0,0,2,0,2,0,1,1,0,3,2,2,2,0,2,4,2,0,2,1,4,0,2,1,1,0,1,1,0,1,0,2,1,2,2,1,2,2,3,2,5,3
T[C>G]A,9,2,3,0,1,1,1,1,3,1,3,0,0,7,0,15,2,61,0,4,1,2,0,0,0,1,3,1,5,1,0,0,3,0,3,0,6,4,21,1,1,3,1,3,2,1,4,1,0,3,0,31,0,0,16,20,1,1,1,0,10,0,0,19,4,1,2,0,0,44,1,3,0,1,7,1,4,4,1,10,12,24,1,1,3,16,1,1,4,8,2,1,10,2,1,1,9,1,2,4,1,6,1,11,1,67,6
T[C>G]C,15,0,1,1,1,1,0,0,0,1,1,0,0,3,1,8,3,24,2,0,3,0,0,0,0,5,1,0,2,3,0,1,4,0,1,0,2,1,9,1,1,1,0,1,1,0,2,0,3,3,0,13,0,0,3,8,0,0,1,1,5,0,0,7,3,1,2,2,2,14,0,2,0,1,4,0,0,3,0,10,8,9,0,2,1,16,1,0,3,6,1,1,6,2,1,1,3,0,1,4,3,2,5,6,0,35,1
T[C>G]G,6,0,3,0,2,0,0,0,0,0,1,0,1,6,1,2,1,7,1,0,0,2,1,0,0,0,0,0,1,1,0,0,0,0,0,0,0,0,3,0,0,0,2,0,0,0,0,0,0,1,0,2,0,0,1,3,0,0,0,1,1,0,0,3,1,0,1,1,2,10,0,1,0,0,1,1,2,1,0,2,3,1,0,0,1,5,1,0,1,1,0,0,1,2,0,0,2,0,0,0,1,2,3,2,1,8,0
T[C>G]T,27,4,4,0,5,0,3,1,2,5,2,2,1,4,1,20,4,75,2,4,2,0,0,1,0,3,2,1,8,7,0,0,3,0,2,0,6,1,41,3,3,4,4,1,3,2,6,0,5,9,0,35,0,1,13,20,1,1,3,1,14,0,0,34,2,2,2,1,3,53,1,5,1,0,6,7,8,2,0,13,22,20,0,3,6,29,0,0,9,5,1,1,14,5,0,3,6,0,2,12,4,14,5,21,3,95,2
T[C>T]A,9,5,2,3,1,1,2,3,3,4,0,2,1,3,1,4,3,99,2,6,2,2,0,3,2,1,2,1,3,4,0,0,10,2,4,1,9,2,44,5,1,9,1,3,0,0,3,1,6,2,0,28,3,0,24,25,2,3,2,1,13,0,0,75,6,2,1,3,6,30,6,3,4,3,7,9,3,7,2,9,8,29,0,3,2,18,1,1,22,3,16,2,30,10,8,1,2,0,1,10,4,26,3,24,4,164,8
T[C>T]C,6,1,1,2,5,0,0,1,3,6,3,0,2,5,0,3,3,27,1,5,1,1,1,1,0,3,0,1,2,1,2,2,7,1,2,0,4,5,18,0,1,5,1,6,2,1,4,3,5,3,1,14,1,2,11,11,6,1,2,2,8,0,2,13,2,1,3,1,7,15,4,10,3,3,7,7,4,4,1,3,5,9,2,3,4,7,2,3,6,0,6,0,4,5,3,1,1,0,1,5,4,7,4,4,2,46,7
T[C>T]G,1,6,1,3,7,1,3,1,2,2,4,5,6,4,3,3,1,36,6,6,3,1,0,8,1,3,2,0,4,3,1,2,11,0,3,0,6,5,16,5,1,6,2,7,7,8,2,2,0,3,4,5,5,2,17,14,3,0,2,5,7,1,5,34,3,6,3,5,7,22,4,6,0,5,7,2,3,3,4,4,6,21,2,2,2,6,3,3,13,5,8,3,8,2,0,4,2,2,5,8,3,6,2,13,2,60,4
T[C>T]T,7,2,0,3,5,1,4,1,4,3,0,5,1,3,0,6,0,41,3,1,2,3,2,2,1,3,2,1,5,1,1,2,8,0,4,4,6,0,21,0,1,8,1,6,1,0,3,1,8,1,0,13,4,2,12,11,2,1,1,1,9,0,0,43,1,2,3,2,2,25,4,5,2,2,12,7,5,1,1,4,4,17,0,1,4,16,3,4,9,2,11,2,16,4,4,2,3,0,1,6,1,20,3,19,3,87,10
T[T>A]A,0,1,0,0,0,0,1,0,1,2,0,1,0,0,0,1,0,0,0,0,0,0,0,0,0,0,1,0,2,0,0,0,0,0,0,0,0,1,0,0,0,0,0,1,2,0,0,0,0,1,0,0,0,0,0,1,0,0,0,0,2,0,0,0,0,0,0,0,1,0,1,0,1,0,2,0,0,0,0,0,4,0,0,0,1,0,0,0,0,0,0,0,1,0,0,0,1,0,0,0,0,0,1,1,0,0,0
T[T>A]C,1,0,0,0,2,1,0,0,0,0,1,0,1,1,0,0,0,1,1,0,0,0,0,0,0,0,1,0,0,1,0,0,0,0,1,1,0,0,2,1,0,0,0,1,0,0,1,0,1,1,1,0,0,0,0,0,0,0,0,0,0,0,0,1,1,1,0,0,0,0,1,0,0,0,0,0,1,0,1,2,1,0,0,0,0,0,0,0,0,0,0,0,0,0,0,0,0,0,1,1,1,1,0,0,0,0,0
T[T>A]G,1,0,0,0,0,0,0,0,0,0,0,0,0,1,1,1,1,0,0,0,0,0,0,0,0,1,1,0,1,1,0,0,0,0,0,0,0,0,0,0,1,1,1,1,0,0,1,0,0,0,0,1,0,0,0,1,1,0,0,0,2,0,0,1,1,1,0,0,0,0,0,1,0,0,1,0,0,1,0,0,0,0,0,1,1,4,0,0,1,1,1,0,0,0,0,0,0,0,0,0,0,0,3,0,0,0,1
T[T>A]T,0,0,1,1,1,0,0,0,0,2,0,0,0,2,0,0,1,0,1,0,0,1,0,0,0,1,0,0,1,1,0,0,0,0,0,0,0,1,1,0,0,0,0,3,0,0,0,0,3,1,0,0,0,1,0,1,1,0,1,0,2,0,0,0,2,0,0,0,0,0,1,2,0,0,1,0,0,0,0,0,1,0,0,0,0,0,0,0,0,1,0,0,1,0,0,0,0,0,1,1,0,0,2,0,1,0,1
T[T>C]A,2,0,1,0,1,0,0,1,0,2,0,0,0,0,0,0,1,0,0,0,0,0,0,0,0,1,1,0,0,0,0,0,0,0,0,0,0,0,4,0,1,0,1,3,1,0,0,0,1,1,0,2,1,0,0,0,0,0,1,0,0,0,0,0,0,0,0,0,1,0,0,0,0,0,2,0,0,1,1,1,2,0,0,0,1,0,1,1,0,0,2,0,0,0,0,1,0,0,0,1,1,0,0,0,0,0,0
T[T>C]C,1,0,1,0,1,1,1,0,0,6,0,0,0,1,0,1,1,0,0,0,0,0,0,2,0,1,1,0,0,1,0,0,0,0,0,0,1,0,6,0,1,0,1,1,0,0,2,0,1,3,1,1,1,0,0,0,2,0,0,0,2,0,0,0,0,0,0,1,0,0,0,0,0,0,1,0,1,0,0,1,1,0,0,1,0,3,1,0,0,1,0,0,1,0,1,1,0,0,0,2,1,0,1,0,1,0,2
T[T>C]G,1,0,0,0,1,0,0,0,0,0,0,0,0,1,0,0,0,1,0,1,0,1,0,0,0,0,0,0,0,0,0,0,1,0,0,0,0,0,1,0,1,0,0,1,0,0,0,0,0,2,0,0,0,0,0,0,0,0,0,1,1,0,0,0,1,0,0,0,0,0,0,0,0,0,0,1,0,0,0,0,2,2,0,0,0,1,0,0,1,1,1,1,1,0,0,0,0,0,0,0,1,1,0,0,0,0,0
T[T>C]T,1,0,0,0,2,0,0,0,1,0,0,0,0,0,0,0,0,0,0,0,0,0,0,2,0,0,0,0,0,1,1,0,0,0,0,0,0,3,2,0,1,2,0,0,0,0,2,0,0,1,2,2,1,0,1,1,2,0,0,0,0,0,0,0,0,0,0,0,0,0,0,0,0,0,0,0,0,0,0,1,0,0,0,1,1,2,0,0,1,0,1,0,1,0,1,0,1,0,0,1,0,0,1,0,1,0,0
T[T>G]A,1,0,0,1,1,0,0,0,0,2,0,0,0,0,0,0,0,0,0,1,0,1,0,0,0,1,0,0,0,0,0,0,0,0,0,0,0,0,2,0,0,0,0,0,0,1,0,1,1,0,0,0,0,0,0,0,0,0,0,0,0,0,0,0,0,0,1,0,0,0,0,0,0,0,2,2,0,0,0,1,0,0,0,0,0,0,0,0,0,0,0,0,0,0,0,0,0,0,0,0,0,0,1,0,0,0,0
T[T>G]C,1,0,0,0,0,1,0,0,0,1,0,0,0,0,0,0,0,0,0,0,1,0,0,0,0,1,0,0,3,0,0,0,0,0,1,0,0,0,0,0,0,1,0,1,0,0,1,0,0,1,0,1,0,0,0,2,0,0,0,1,2,0,1,1,0,0,0,0,0,0,1,1,0,0,2,1,1,0,0,0,0,0,0,1,1,0,0,0,0,0,0,0,0,0,2,0,0,0,1,1,0,0,0,0,0,0,1
T[T>G]G,1,0,0,1,1,0,0,0,0,0,0,0,0,1,2,2,0,1,0,0,0,0,0,0,0,1,0,0,0,2,0,2,0,0,1,0,1,0,1,0,0,0,0,0,2,1,1,0,2,1,0,1,1,0,0,0,0,0,0,1,0,1,0,0,0,0,0,0,0,1,0,1,0,1,0,0,0,0,0,1,1,0,0,0,0,0,0,0,0,2,2,0,0,0,0,1,0,0,0,0,2,0,3,1,0,0,0
T[T>G]T,1,0,1,1,1,0,0,1,1,0,0,0,0,2,0,1,0,0,0,1,0,1,0,0,0,0,2,0,2,0,0,0,0,1,0,0,0,0,1,0,0,1,0,1,0,1,2,0,0,2,0,2,1,0,0,1,0,0,0,1,1,0,0,0,1,0,0,0,1,0,1,1,0,0,2,0,1,1,1,0,0,1,0,0,1,2,0,0,0,0,0,0,1,0,0,0,2,0,1,2,1,0,0,1,0,0,5
