Mutation Types,DO227470,DO227473,DO227475,DO227480,DO227483,DO227494,DO227503,DO227507,DO227510,DO227517,DO227521,DO227529,DO227535,DO227561,DO227566,DO227593,DO227618,DO227629,DO227651,DO227701,DO227719,DO227730,DO227749,DO227773,DO227776,DO227787,DO227790,DO227795,DO227806,DO227809,DO227815,DO227817,DO227820,DO227830,DO227836,DO227838,DO227846,DO227854,DO227857,DO227860,DO227862,DO227871,DO227878,DO227881,DO227892,DO227903,DO227909,DO227916,DO227921,DO227924,DO227932,DO227935,DO227936,DO227939,DO227940,DO227941,DO227942,DO227943,DO227944,DO227945,DO227947,DO227948,DO227949,DO227950,DO228306,DO228314,DO228317,DO228324,DO228328,DO228331,DO228345,DO228352
A[C>A]A,69,88,43,26,30,59,56,61,145,28,55,106,65,36,129,86,144,69,114,333,43,120,88,54,83,55,66,48,46,43,48,56,89,91,270,78,22,127,56,45,254,117,103,50,46,111,37,74,58,37,111,513,56,53,157,34,75,59,162,110,72,120,113,59,66,88,34,151,188,91,104,46
A[C>A]C,48,67,42,34,23,45,41,32,96,32,44,93,58,25,115,53,97,77,96,310,40,78,81,37,41,27,33,69,26,21,34,42,60,74,191,69,23,87,41,25,178,114,71,33,49,80,31,56,62,18,119,347,36,46,104,15,53,47,122,75,66,67,72,30,50,71,21,138,133,68,40,51
A[C>A]G,7,7,9,4,1,15,7,7,13,5,9,15,6,7,19,27,15,11,6,43,6,13,10,5,8,10,3,5,9,5,11,4,8,8,48,12,1,11,8,2,33,20,16,6,4,19,6,13,9,9,25,64,7,5,20,6,8,11,13,21,17,10,11,7,9,11,2,17,37,14,13,5
A[C>A]T,37,54,26,20,11,43,35,27,106,12,37,66,32,30,80,51,88,42,79,365,37,61,61,37,53,33,34,42,26,19,45,27,55,64,190,56,16,70,41,26,186,102,72,27,27,62,21,49,44,25,69,288,38,36,75,16,42,34,91,74,53,54,61,28,25,35,15,88,143,70,57,26
A[C>G]A,36,178,23,13,10,21,20,21,37,37,29,63,43,15,48,52,71,53,89,269,30,30,17,20,35,16,25,32,24,14,59,28,26,24,228,44,16,42,26,13,150,54,36,18,17,41,14,30,26,13,75,120,28,26,112,13,30,30,60,44,84,37,26,19,24,38,21,78,119,105,31,16
A[C>G]C,23,56,15,6,7,14,13,19,22,11,25,36,16,20,51,24,38,26,49,159,15,25,36,11,14,10,9,23,12,9,28,18,39,24,103,26,9,37,19,8,94,45,32,20,18,33,8,19,25,9,53,116,13,24,77,15,17,17,59,36,32,17,18,9,13,16,7,46,76,57,11,10
A[C>G]G,7,16,3,6,6,10,7,5,8,3,3,10,7,7,12,25,23,10,18,61,11,18,11,13,10,1,5,5,8,10,14,6,4,14,62,17,2,7,5,4,63,8,20,2,9,9,7,10,1,7,21,55,7,5,14,6,4,9,16,13,12,16,18,4,2,8,1,14,33,21,2,14
A[C>G]T,37,180,24,20,12,28,17,19,41,40,27,76,40,38,42,51,67,55,81,308,28,37,31,21,24,21,33,24,21,27,64,33,42,39,274,55,18,64,31,17,168,64,43,12,27,51,17,38,35,19,91,133,22,32,122,12,27,39,70,94,83,35,23,12,21,37,15,91,236,97,35,16
A[C>T]A,160,175,48,41,40,63,60,73,114,79,69,129,118,55,118,105,129,101,158,368,60,120,119,75,57,46,67,53,58,56,88,85,77,88,528,75,50,103,67,64,269,156,132,66,61,131,56,123,99,58,223,377,53,70,191,40,96,66,140,96,128,128,106,52,53,102,30,164,169,182,70,79
A[C>T]C,106,59,35,19,27,60,42,36,52,25,50,71,52,37,68,59,59,52,50,166,19,47,66,34,50,34,32,39,28,37,57,36,56,68,211,41,39,77,36,33,145,74,65,32,36,74,35,61,71,25,131,185,23,44,101,25,52,34,80,46,47,67,62,25,38,76,24,76,95,90,40,39
A[C>T]G,454,202,151,80,78,309,152,177,221,82,248,271,256,170,342,254,289,91,223,303,102,333,435,182,196,167,160,217,150,159,168,232,315,168,372,115,109,331,140,115,479,283,192,145,207,365,176,217,301,102,414,477,127,194,503,103,272,226,437,217,96,291,244,193,155,322,86,196,266,200,96,167
A[C>T]T,80,68,39,17,21,47,50,43,75,46,63,85,57,40,126,74,98,76,63,329,46,62,63,51,54,39,39,42,30,39,49,38,63,60,252,73,33,63,37,37,183,113,91,40,45,87,40,76,74,34,173,282,31,44,108,38,42,53,117,67,80,82,65,31,42,78,22,91,117,101,80,43
A[T>A]A,21,70,26,12,18,31,18,26,37,17,17,40,66,14,64,42,115,31,71,154,24,31,71,24,30,15,31,23,28,30,31,25,31,31,96,39,19,68,32,36,113,102,37,28,31,47,24,31,40,24,71,215,24,22,76,19,31,34,97,53,29,44,56,18,39,38,18,59,84,54,42,32
A[T>A]C,36,37,35,12,8,38,20,25,40,9,31,45,43,18,47,29,69,26,57,135,20,27,46,27,41,23,19,23,30,24,33,24,20,46,69,40,20,55,34,15,89,49,45,28,38,29,26,28,25,17,54,134,27,35,56,20,43,27,73,39,35,42,33,22,23,24,19,69,57,39,33,26
A[T>A]G,33,30,22,22,11,23,24,13,41,13,33,55,33,24,38,52,58,40,48,171,24,24,39,15,24,19,21,20,22,22,38,28,26,23,76,30,16,41,42,15,92,66,40,26,25,56,18,38,41,25,81,119,14,32,69,18,31,21,68,40,33,37,28,32,22,30,14,63,86,41,31,24
A[T>A]T,57,118,32,16,23,39,51,46,78,17,63,70,66,31,102,56,104,29,86,226,31,85,75,60,48,47,34,74,64,39,52,34,62,72,143,52,29,108,51,42,170,87,87,32,49,65,22,59,64,28,107,392,31,58,89,23,59,48,119,74,43,85,74,27,38,67,33,101,126,84,45,38
A[T>C]A,80,111,57,41,41,65,65,68,85,34,75,108,71,48,102,148,170,75,119,324,40,80,98,61,56,72,37,45,72,62,92,77,88,94,156,45,49,109,64,38,253,135,95,79,87,96,46,78,109,32,289,342,44,74,169,34,87,63,204,112,96,86,70,43,63,67,44,125,183,88,67,51
A[T>C]C,31,52,28,14,16,24,19,24,22,21,23,49,29,20,43,50,57,27,44,164,12,24,44,23,16,20,27,32,15,16,39,21,30,31,68,21,13,40,32,14,107,59,32,16,23,40,16,30,37,15,99,106,19,30,63,17,36,24,67,43,41,27,30,16,20,22,17,48,82,31,32,23
A[T>C]G,32,60,39,11,16,46,22,38,43,24,43,76,58,41,67,106,59,42,66,233,33,41,59,52,14,31,22,48,39,34,62,45,25,54,87,47,25,55,29,30,168,71,62,41,53,69,25,50,45,21,154,146,25,43,107,23,48,39,108,62,66,54,44,18,41,39,24,69,99,49,34,26
A[T>C]T,65,124,65,37,33,86,51,57,73,30,62,108,79,46,94,103,157,67,133,401,47,65,90,65,47,54,41,42,55,54,82,67,72,73,160,73,45,108,55,30,265,112,86,54,88,103,47,72,98,32,273,254,45,66,167,24,91,62,190,105,95,79,75,51,61,64,31,115,163,69,71,52
A[T>G]A,12,83,14,7,6,9,16,15,14,8,15,24,90,11,48,17,50,26,30,102,14,21,30,16,8,8,12,23,8,10,19,17,26,14,28,14,11,49,8,19,55,31,20,7,14,18,4,32,23,8,46,130,6,17,46,8,23,8,67,41,27,20,26,3,20,23,14,24,67,17,18,10
A[T>G]C,9,27,7,3,11,8,5,8,10,3,10,7,37,5,14,21,16,9,14,39,4,11,12,13,7,7,9,14,2,7,12,3,8,7,16,9,3,19,9,4,25,28,11,5,6,17,5,7,16,5,20,71,5,5,26,6,5,10,29,12,12,5,16,6,8,8,5,26,34,18,8,4
A[T>G]G,9,37,9,4,2,10,12,15,16,8,12,30,9,13,13,13,28,12,27,158,8,12,20,11,9,5,6,8,10,3,14,12,3,15,42,20,9,16,17,8,58,32,23,16,14,30,3,17,20,10,36,52,10,8,32,12,22,16,24,18,24,18,14,8,13,11,5,41,51,15,23,9
A[T>G]T,20,47,16,12,15,22,14,15,12,12,16,47,16,16,30,21,41,27,49,94,20,17,34,22,10,18,18,14,12,13,13,16,18,28,36,21,8,39,23,7,74,39,12,19,25,17,13,27,19,10,47,75,7,18,40,12,20,21,55,33,28,25,24,15,14,21,12,150,99,42,25,10
C[C>A]A,56,111,43,24,35,64,45,47,146,27,49,123,53,39,127,70,104,57,85,343,35,121,107,54,66,33,74,40,56,21,46,35,103,80,333,62,22,98,48,35,196,87,128,46,38,93,48,69,51,34,85,676,51,56,134,13,49,41,106,72,89,107,133,35,46,105,26,128,180,96,59,55
C[C>A]C,31,67,25,14,13,33,35,14,77,14,32,53,39,29,58,66,73,51,75,311,23,54,50,30,48,23,27,37,29,25,38,27,69,53,199,52,19,70,24,18,163,104,44,16,22,68,24,48,34,24,68,323,33,45,107,18,38,32,92,55,59,37,50,19,29,58,12,98,131,65,47,24
C[C>A]G,19,12,12,4,3,17,13,7,19,3,9,12,4,12,25,24,16,15,18,49,2,29,23,15,10,3,14,6,12,4,14,10,21,14,40,11,5,17,4,9,42,27,22,6,10,16,13,13,7,7,21,112,8,4,22,3,11,7,18,12,8,15,19,4,12,22,6,26,41,18,6,13
C[C>A]T,77,65,36,8,21,33,19,37,68,16,39,82,36,24,110,50,80,48,92,320,18,67,70,45,50,20,39,44,58,24,50,24,70,63,217,58,14,79,36,37,201,96,105,36,24,76,41,59,48,20,93,591,33,66,110,15,34,28,89,51,64,52,75,18,26,55,22,114,124,80,49,35
C[C>G]A,16,190,17,7,14,21,14,4,25,39,19,62,32,18,23,31,52,36,79,214,16,15,20,11,22,7,19,9,15,12,44,18,24,17,284,38,13,20,20,15,114,52,24,10,18,24,12,20,21,11,41,97,7,11,94,14,21,18,39,26,65,17,14,8,13,18,12,52,52,99,23,5
C[C>G]C,13,58,12,8,2,17,12,14,22,5,13,44,21,12,29,34,32,19,31,161,14,22,17,11,12,18,15,16,10,11,23,23,19,23,85,26,12,24,19,9,84,36,22,15,13,24,3,17,13,8,38,79,12,19,61,6,14,11,47,29,51,21,19,6,13,19,9,64,54,30,12,12
C[C>G]G,3,33,4,3,12,9,20,15,16,7,7,25,7,8,13,37,14,11,14,43,9,12,7,18,10,7,6,9,3,6,11,9,4,13,71,21,5,12,4,12,57,27,25,4,13,8,6,11,8,7,15,51,5,5,39,6,19,7,19,32,8,10,12,5,7,13,2,22,69,19,13,6
C[C>G]T,17,202,18,17,4,25,14,18,19,45,15,73,57,29,36,36,55,45,84,263,21,28,27,18,26,9,36,19,23,15,56,24,31,30,331,52,13,44,38,13,149,58,34,26,27,31,17,26,24,10,60,110,13,16,128,13,26,26,67,32,84,31,32,5,21,31,16,84,100,107,35,16
C[C>T]A,101,250,50,24,42,66,52,56,106,102,65,121,125,45,103,86,130,105,182,204,64,111,108,76,68,46,78,60,52,48,79,63,93,92,993,117,42,131,57,40,270,147,139,72,60,107,50,90,112,56,153,399,75,78,188,55,100,76,141,85,138,89,92,59,80,95,63,164,175,286,58,53
C[C>T]C,84,98,61,32,24,80,48,40,75,48,58,124,63,43,88,91,83,47,101,172,27,85,92,49,46,51,53,45,36,41,54,44,71,73,315,57,53,100,63,42,146,91,77,47,49,85,49,73,80,39,137,299,43,50,122,36,61,60,87,54,76,94,89,53,51,91,25,124,138,127,54,42
C[C>T]G,242,145,103,48,68,182,99,116,125,71,113,175,154,118,197,162,176,72,188,228,64,222,250,106,125,98,82,129,109,96,110,156,179,116,406,80,87,201,92,85,332,172,153,104,129,207,110,145,164,86,255,286,74,115,280,71,157,134,264,145,79,162,156,103,106,208,54,129,169,184,60,105
C[C>T]T,95,145,63,31,49,67,49,67,112,74,73,112,104,54,114,91,140,92,138,357,46,81,113,70,79,61,69,62,45,65,79,55,109,69,528,85,43,150,55,47,240,143,142,50,58,108,49,94,82,45,212,374,72,67,168,53,78,68,144,100,89,114,81,45,60,91,52,162,183,178,61,60
C[T>A]A,14,37,8,6,5,11,6,10,20,4,14,24,24,3,20,20,41,27,33,168,10,19,22,9,11,3,10,16,6,8,17,14,18,16,57,20,9,24,15,9,62,42,22,9,13,26,4,20,15,7,33,88,4,16,37,10,23,18,55,31,23,13,17,6,12,25,4,57,57,25,24,7
C[T>A]C,14,33,15,12,6,13,16,15,25,9,17,46,16,12,30,37,36,33,52,208,12,26,30,12,18,7,10,23,12,18,31,13,18,35,92,31,12,28,18,6,107,55,28,22,28,32,11,20,16,12,40,104,7,15,44,8,27,21,46,22,41,11,13,11,14,18,6,71,83,55,26,14
C[T>A]G,23,40,14,11,10,19,12,21,28,5,14,30,15,9,31,49,60,33,54,209,20,17,27,14,26,19,11,23,16,15,26,17,17,22,65,22,6,27,16,7,78,43,30,13,12,32,5,35,19,10,49,107,21,18,43,7,23,13,63,39,47,14,30,14,16,17,11,76,88,27,24,20
C[T>A]T,21,26,13,12,7,24,14,21,41,4,21,43,11,7,35,41,63,33,61,332,8,30,50,14,21,8,14,16,19,7,24,18,19,29,93,39,10,47,20,12,145,49,34,18,27,48,9,19,28,13,64,178,20,11,52,15,25,33,58,38,36,34,23,13,19,18,5,153,118,48,31,21
C[T>C]A,37,50,27,12,21,22,12,19,22,14,24,43,29,25,38,65,80,28,68,158,17,34,45,14,30,14,18,24,18,24,25,26,28,36,64,15,23,41,25,18,93,61,38,33,29,36,13,40,45,25,100,140,16,29,71,17,19,44,79,43,35,25,21,14,30,28,10,72,75,41,37,22
C[T>C]C,25,66,11,14,15,18,18,17,28,14,20,29,24,8,39,36,54,29,62,313,17,38,49,26,25,20,15,39,15,15,24,18,23,31,69,38,10,50,15,10,112,55,37,19,20,45,13,28,40,12,89,128,19,16,54,15,26,29,54,29,47,22,36,6,24,19,17,108,121,32,28,21
C[T>C]G,18,57,28,10,11,24,28,28,29,21,25,45,32,24,46,62,60,24,42,165,22,38,47,32,17,26,15,29,35,21,32,20,36,47,74,26,14,36,27,22,93,43,37,28,37,33,18,22,42,12,89,94,16,14,63,12,31,29,78,41,38,35,27,13,20,22,14,84,144,62,30,13
C[T>C]T,52,59,30,17,12,38,12,20,27,17,25,64,44,22,42,56,93,35,90,212,27,33,45,28,28,17,33,27,36,28,40,33,34,34,78,31,13,67,21,15,136,54,40,32,28,51,18,46,43,14,110,157,20,26,84,23,31,39,68,60,43,48,41,23,30,25,11,277,202,34,43,32
C[T>G]A,19,28,9,2,5,5,2,2,7,2,9,25,16,1,12,14,28,10,18,62,5,5,8,4,6,5,4,8,5,4,18,7,6,10,22,5,8,21,5,4,33,19,13,14,9,9,7,18,10,6,17,40,3,8,21,3,7,11,21,15,15,10,8,4,6,11,9,21,37,12,9,5
C[T>G]C,12,18,6,4,4,8,8,9,16,5,8,17,11,8,9,18,22,9,18,77,9,7,15,14,10,6,7,9,6,6,9,8,14,4,26,10,8,16,9,4,47,20,8,10,15,15,5,9,13,3,21,47,4,10,38,4,19,13,17,15,18,14,6,6,11,8,2,50,35,17,11,8
C[T>G]G,13,30,13,4,6,17,9,9,25,8,13,34,14,14,15,22,40,11,27,167,13,15,23,16,9,7,6,10,14,7,24,15,14,8,55,12,9,23,12,5,59,28,20,17,7,23,4,18,25,4,37,52,4,9,38,6,6,14,37,20,24,18,15,6,14,18,4,44,47,34,28,5
C[T>G]T,36,36,18,7,11,15,20,14,22,5,15,44,13,15,35,40,51,22,124,141,10,22,52,20,17,10,11,16,17,11,25,18,19,26,57,24,11,109,28,11,83,31,32,27,25,33,10,31,27,7,47,115,3,25,63,11,25,21,47,36,20,32,15,6,16,13,11,455,221,32,24,19
G[C>A]A,57,50,36,18,51,62,42,58,145,23,45,112,48,25,109,66,71,45,71,233,13,162,105,52,74,45,61,54,46,38,29,62,123,90,308,51,12,103,60,25,193,69,105,21,46,113,51,53,72,28,74,761,38,36,123,25,46,39,101,67,61,115,138,37,66,81,21,84,135,75,44,59
G[C>A]C,33,41,27,4,14,27,21,21,59,18,30,76,39,21,79,40,53,38,65,197,18,54,49,28,33,24,17,30,25,20,21,26,38,45,129,26,15,52,21,22,109,62,42,15,31,67,25,29,21,13,41,265,23,30,69,13,38,32,55,32,42,47,49,21,34,54,7,74,85,54,34,25
G[C>A]G,13,11,5,6,6,15,12,5,20,4,13,15,9,8,21,15,11,9,13,23,8,17,8,7,7,8,7,3,5,7,6,9,15,10,37,8,4,10,2,5,29,12,17,5,9,18,10,10,12,4,27,56,6,7,12,3,10,6,15,14,9,15,20,4,14,14,3,16,31,17,6,4
G[C>A]T,41,33,24,16,40,43,27,36,101,19,30,60,27,19,72,41,53,35,44,217,15,106,53,40,35,22,35,35,34,29,25,31,79,74,200,44,7,69,36,13,121,66,84,18,19,61,39,41,46,18,60,551,26,36,74,9,39,26,60,33,40,64,75,23,26,44,5,77,130,51,26,34
G[C>G]A,11,69,6,4,7,14,8,4,11,8,12,36,16,12,21,19,28,14,39,135,8,12,13,4,11,4,15,10,6,6,31,14,11,12,108,17,5,23,7,5,68,29,13,6,8,22,8,11,10,5,43,58,7,9,64,5,15,18,24,17,29,12,13,9,8,14,10,28,33,33,13,7
G[C>G]C,21,56,5,4,7,9,8,20,21,5,14,28,20,11,37,30,41,16,33,106,9,12,20,20,15,10,13,20,15,11,18,14,23,19,63,19,6,18,12,7,57,25,13,12,16,19,15,20,10,9,38,74,9,9,56,7,16,8,48,30,36,15,14,10,9,17,9,34,92,26,24,5
G[C>G]G,4,18,1,1,2,3,5,2,4,2,5,4,6,1,7,17,4,6,9,38,4,8,5,6,4,2,2,2,3,4,8,3,2,10,20,3,1,6,4,0,19,6,5,5,4,6,1,6,4,5,9,14,2,3,14,5,4,1,8,5,4,2,8,5,2,6,3,10,16,10,5,2
G[C>G]T,17,129,9,9,5,19,14,9,27,27,14,40,35,16,27,25,36,35,70,183,17,19,16,12,9,15,14,15,10,12,35,13,23,14,183,34,10,22,19,4,87,44,32,16,11,23,7,17,17,13,40,66,11,11,69,8,12,23,39,33,65,24,20,8,14,20,11,52,60,76,30,16
G[C>T]A,97,143,52,23,24,46,61,56,89,80,61,125,118,44,97,87,106,72,138,196,46,92,111,60,46,48,59,62,41,35,70,60,79,78,541,72,35,107,49,34,221,143,93,48,78,88,47,78,74,47,140,278,43,49,140,33,77,77,151,77,97,86,71,47,76,91,37,133,121,179,50,45
G[C>T]C,70,87,36,12,29,44,42,51,81,37,46,85,84,34,90,65,77,52,94,189,28,84,82,49,47,50,36,62,46,35,41,43,53,73,264,65,36,112,52,50,162,106,83,44,56,93,39,90,67,32,120,249,39,59,118,33,57,66,105,65,80,78,70,34,53,74,24,94,107,116,37,56
G[C>T]G,313,210,106,54,87,241,103,97,135,60,177,204,183,114,235,180,226,77,209,216,74,262,336,138,135,146,104,190,138,114,127,144,269,150,298,66,73,304,123,103,372,218,154,141,146,314,145,213,209,85,268,460,94,138,368,72,191,184,287,146,86,208,142,130,138,251,73,163,175,181,78,122
G[C>T]T,72,87,44,19,31,38,52,51,77,42,63,93,81,36,97,78,101,64,92,220,35,79,87,44,47,38,35,64,35,46,54,45,70,73,312,65,33,107,39,38,166,124,71,48,40,82,42,86,81,34,137,237,32,43,119,39,59,43,129,58,73,100,71,28,62,75,35,95,99,111,46,48
G[T>A]A,12,28,10,4,8,10,8,12,10,4,10,12,21,3,13,20,27,16,26,106,11,11,21,6,7,4,8,6,8,7,13,8,12,20,36,23,5,22,5,10,62,29,22,5,11,21,11,8,9,9,37,82,8,11,39,4,9,3,30,17,12,14,16,9,8,7,2,23,27,18,23,8
G[T>A]C,12,21,17,2,4,19,11,14,14,3,9,22,11,8,16,21,22,16,33,105,6,14,13,14,20,9,12,12,14,9,10,8,12,12,50,16,6,32,16,5,49,19,21,14,20,22,12,8,16,6,22,65,11,5,28,5,18,12,25,16,17,18,16,15,10,10,4,33,44,22,12,9
G[T>A]G,23,14,12,8,7,18,11,19,22,6,12,21,10,9,19,27,34,21,41,142,6,20,23,22,11,7,4,12,5,15,21,16,5,18,36,19,6,21,17,6,60,36,16,9,14,26,11,17,16,7,30,80,5,6,38,9,8,12,38,26,17,17,18,9,11,10,12,43,48,21,19,11
G[T>A]T,22,22,16,15,4,19,21,12,33,9,14,37,13,15,24,29,46,21,52,217,6,17,24,10,20,9,17,14,10,11,22,14,14,22,70,29,4,29,16,10,101,45,25,10,13,38,5,21,19,6,37,99,13,11,46,5,14,18,44,27,35,16,27,9,18,17,9,78,45,21,30,12
G[T>C]A,43,101,40,10,23,38,34,32,33,15,34,55,76,21,50,67,85,39,66,159,18,45,58,26,28,14,23,50,43,21,53,29,45,41,74,42,19,52,27,21,115,76,53,36,42,57,22,47,74,19,111,214,23,51,106,14,41,32,105,60,35,49,39,15,31,25,23,42,84,47,28,17
G[T>C]C,30,62,13,11,14,31,18,28,22,13,15,27,54,9,43,40,54,18,50,129,11,19,37,20,21,15,15,21,19,20,27,23,33,35,56,26,19,59,19,13,82,54,31,24,33,42,12,33,25,13,68,123,16,20,48,14,22,23,78,30,30,29,29,22,17,18,12,39,36,32,12,18
G[T>C]G,20,74,21,11,12,23,21,16,16,14,13,45,39,18,31,37,58,28,34,142,20,31,35,22,20,13,15,24,25,16,31,29,35,36,53,20,23,37,20,11,64,41,38,37,37,42,8,35,34,18,59,103,11,29,47,17,22,24,58,36,35,33,33,15,25,15,9,46,57,38,26,19
G[T>C]T,33,90,43,19,19,44,34,35,44,19,31,48,60,26,48,57,79,30,81,214,24,60,55,30,27,23,29,56,21,30,39,36,50,53,94,41,23,54,23,12,150,90,52,40,46,49,25,44,58,25,124,179,25,46,85,21,36,56,112,48,52,42,48,30,36,49,15,79,102,50,28,22
G[T>G]A,7,17,5,1,2,6,2,1,11,1,4,17,13,3,13,9,13,12,21,53,6,4,8,5,4,4,4,5,6,3,12,9,3,10,23,5,7,7,7,7,22,11,11,1,4,6,7,3,9,0,16,32,0,6,17,3,9,9,19,8,14,7,14,5,6,8,1,11,22,11,9,2
G[T>G]C,4,23,3,2,0,5,2,7,3,3,3,7,18,3,7,11,12,9,14,44,3,2,8,5,4,2,7,8,5,4,7,2,4,6,17,11,2,12,5,6,19,9,10,5,3,12,1,10,5,3,23,49,3,5,15,3,8,2,21,6,7,5,6,0,4,12,3,13,21,7,9,5
G[T>G]G,13,24,7,7,7,12,8,11,15,7,7,21,8,18,20,8,35,16,29,142,11,20,10,9,9,7,13,6,6,6,23,8,10,11,44,24,12,16,9,13,50,25,11,4,7,19,9,14,11,6,36,47,7,10,32,8,11,5,21,17,18,12,15,13,6,9,4,32,33,15,17,15
G[T>G]T,13,31,7,4,4,8,13,4,17,6,11,32,11,9,18,17,31,17,42,101,6,17,31,10,8,7,9,17,9,9,16,11,13,13,35,19,3,47,6,9,57,21,33,9,19,21,7,24,18,5,41,73,7,7,33,2,11,14,37,21,26,17,11,4,8,16,3,135,92,22,20,11
T[C>A]A,169,1119,34,22,68,79,54,69,181,307,65,142,343,51,214,77,231,204,467,268,111,152,139,82,59,41,184,74,67,45,121,69,125,139,3614,252,45,146,57,60,586,161,275,74,68,141,56,99,114,40,147,898,52,86,560,38,83,85,131,81,382,141,169,53,54,144,191,324,224,941,73,52
T[C>A]C,84,406,36,33,41,76,48,53,103,145,59,133,129,38,101,79,99,92,189,239,48,93,92,52,85,41,78,55,66,35,69,56,102,87,1494,103,35,108,29,33,276,127,151,53,53,104,40,71,67,35,86,506,57,54,281,35,70,63,122,87,197,109,97,46,61,94,60,177,138,415,52,44
T[C>A]G,20,54,2,5,5,14,8,8,33,15,12,14,18,9,29,16,10,12,36,22,14,20,24,14,12,4,14,10,9,5,18,11,21,16,296,22,7,17,11,9,52,15,43,10,13,16,7,19,13,7,18,89,16,12,48,7,16,12,23,18,24,18,24,8,15,8,14,27,30,62,11,5
T[C>A]T,179,470,50,36,72,55,70,78,311,196,83,198,180,48,279,79,167,122,242,304,96,240,198,118,107,50,165,101,117,48,107,67,189,205,2087,146,36,259,94,53,423,164,313,61,64,202,83,113,124,48,158,1310,68,100,365,56,92,62,183,114,229,186,241,65,66,139,81,267,282,627,61,83
T[C>G]A,593,8148,19,18,128,110,50,52,249,1715,41,128,1684,50,63,86,796,637,2724,336,631,93,88,108,62,26,696,34,100,20,693,64,125,116,13452,1241,53,213,59,80,2532,308,840,392,93,58,53,186,305,24,285,815,129,118,2826,86,62,169,84,71,2365,143,161,24,36,173,685,1034,271,4281,121,42
T[C>G]C,121,1660,28,13,42,44,22,25,80,323,24,71,315,27,45,58,214,176,557,283,119,44,59,47,46,31,137,24,34,12,163,39,74,60,2918,264,21,88,31,29,538,126,186,83,36,38,16,63,69,18,114,281,52,50,629,33,45,65,79,36,489,70,74,22,26,65,122,289,142,864,50,18
T[C>G]G,31,275,6,4,6,8,12,4,22,46,6,12,70,3,10,20,37,24,179,39,20,11,6,19,3,7,37,2,7,5,25,6,4,10,644,48,5,10,8,11,141,11,55,15,8,9,8,13,14,7,30,45,2,7,124,7,14,11,16,17,86,16,14,5,2,8,24,40,41,95,10,16
T[C>G]T,689,8305,49,44,148,165,68,63,310,2141,77,179,1899,108,132,144,869,785,2733,592,680,155,173,144,100,49,977,65,150,33,815,111,240,136,18312,1249,88,267,80,120,2618,442,979,430,130,108,96,239,380,38,392,1077,182,158,3031,127,139,244,187,153,2560,207,229,51,55,203,741,1407,623,5273,196,64
T[C>T]A,1633,5611,83,40,312,263,137,359,708,2555,110,159,2745,119,212,132,995,907,2818,301,756,289,312,211,124,91,1144,109,155,173,561,138,278,321,25173,1513,207,424,108,218,3089,676,2028,449,264,159,231,591,797,43,521,1813,301,250,2723,197,160,360,233,124,1652,550,310,109,96,335,928,1984,327,5446,184,173
T[C>T]C,358,898,80,29,103,135,74,126,228,533,102,149,510,62,156,117,240,214,566,238,167,184,181,108,125,63,238,87,82,85,165,75,195,126,4705,314,80,305,87,102,679,296,480,131,106,135,88,208,277,55,218,701,85,96,560,98,102,116,207,87,365,228,173,80,93,142,192,518,262,1127,93,102
T[C>T]G,366,663,58,31,99,165,71,92,163,357,118,108,498,76,197,118,224,101,406,161,135,184,198,116,79,90,169,92,104,76,136,124,136,121,2574,196,57,201,66,83,579,167,348,139,115,167,105,159,209,67,248,424,80,99,477,61,114,139,188,99,197,155,117,76,81,179,133,210,141,674,48,81
T[C>T]T,853,2196,71,29,150,194,116,243,419,1304,92,139,1222,89,172,121,558,366,1323,313,379,228,235,178,120,63,551,89,96,129,288,108,209,193,11552,664,139,414,92,174,1522,429,1154,307,189,155,162,358,480,57,352,1058,213,150,1230,142,134,202,233,118,807,344,190,93,72,207,462,978,294,2628,102,141
T[T>A]A,104,125,38,17,40,44,39,39,59,18,75,73,117,41,116,62,120,56,103,180,27,91,88,61,39,35,20,48,51,34,44,46,74,53,128,36,30,127,42,36,197,92,88,52,61,82,33,83,77,30,143,351,23,53,133,24,49,44,140,91,37,115,70,22,45,100,30,100,132,101,30,45
T[T>A]C,9,40,10,14,5,23,21,14,22,6,9,35,21,8,21,24,44,17,49,151,16,20,25,16,14,21,12,16,7,13,13,11,17,14,71,19,7,37,10,4,80,47,20,9,17,23,11,10,22,6,37,101,13,18,48,8,20,27,29,25,36,26,24,10,20,18,6,62,64,35,37,11
T[T>A]G,15,32,9,6,4,13,6,13,18,3,13,25,11,5,31,18,36,9,31,100,10,15,28,11,14,7,13,9,11,7,13,12,9,13,54,16,7,22,10,8,61,32,16,7,9,29,11,17,17,5,31,97,5,12,33,7,11,9,38,17,19,16,18,10,9,18,3,31,58,21,25,15
T[T>A]T,54,70,30,16,10,32,26,19,60,8,48,98,46,19,82,62,83,56,74,371,31,46,58,37,36,24,30,35,28,21,36,38,51,50,120,58,16,64,36,21,142,73,59,23,30,56,23,33,46,22,79,230,28,40,87,19,49,34,100,65,46,58,35,17,32,56,16,138,160,67,42,28
T[T>C]A,49,81,39,16,27,33,40,43,44,18,38,68,73,29,67,77,111,46,103,230,27,39,58,34,37,29,27,38,35,38,50,46,41,49,89,29,20,77,33,24,138,86,47,29,37,63,21,53,70,22,143,241,25,46,110,14,51,27,153,69,54,47,59,16,45,56,21,72,189,43,32,31
T[T>C]C,47,73,24,9,19,26,26,22,38,15,32,56,54,17,44,51,75,41,84,209,26,44,52,28,21,19,23,34,42,17,39,23,38,55,76,24,12,74,26,19,123,51,45,34,36,56,21,53,59,17,116,169,26,33,58,22,32,20,84,53,42,41,34,19,29,28,17,67,107,64,19,21
T[T>C]G,29,52,25,8,14,25,18,26,21,8,19,37,27,13,47,40,48,25,37,110,13,27,28,29,20,18,17,25,16,23,21,23,31,24,43,23,13,32,22,14,76,35,20,22,19,33,10,27,41,10,52,97,16,33,46,16,17,16,53,26,21,34,22,13,13,23,8,42,106,36,20,19
T[T>C]T,53,96,31,19,33,47,42,40,48,27,60,101,89,27,79,83,126,59,101,279,28,55,51,52,45,30,28,44,40,31,58,39,58,55,107,45,22,93,34,34,148,97,65,33,56,65,26,56,80,31,163,217,25,48,135,21,44,52,125,70,52,53,53,27,51,61,21,103,183,78,47,38
T[T>G]A,12,87,11,3,11,11,17,9,20,8,8,31,28,17,24,31,44,19,48,117,19,19,29,11,9,16,10,10,10,12,26,10,16,16,57,20,9,46,16,7,63,31,13,7,19,16,4,16,24,10,45,104,9,14,35,11,11,10,32,29,39,20,24,9,14,25,13,37,100,30,13,8
T[T>G]C,10,35,3,4,3,14,10,9,8,6,12,31,16,4,17,25,28,14,32,81,4,7,12,11,9,7,8,11,16,4,23,9,11,10,33,15,4,34,16,5,43,21,20,9,9,21,9,15,14,12,33,62,13,14,27,12,9,7,23,15,26,15,15,14,8,10,6,42,73,11,18,11
T[T>G]G,68,39,12,10,7,16,9,6,16,4,23,32,16,18,27,20,39,19,49,164,15,16,25,13,17,12,15,17,12,13,31,15,16,15,49,22,9,30,13,10,76,34,26,21,14,31,8,20,24,8,54,74,7,18,46,8,19,14,37,36,30,22,17,10,8,19,6,53,87,22,25,20
T[T>G]T,48,139,22,16,19,22,33,31,65,14,41,106,46,28,71,71,83,50,107,211,25,52,72,44,35,24,23,28,34,20,39,40,36,44,82,48,21,118,32,26,123,77,60,31,38,44,21,49,49,16,92,197,16,42,99,23,46,34,93,76,53,49,41,24,28,33,24,402,203,65,36,27
